variant_id	gene	uniprot_id	position	ref_aa	alt_aa	clinsig_raw	label	isoform_validated
clinvar_438089	ABCA4	P78363	586	D	G	Pathogenic/Likely_pathogenic	1	true
clinvar_1214455	TPRN	Q4KMQ1	247	Q	R	Conflicting_classifications_of_pathogenicity	0	true
clinvar_251488	LDLR	P01130	286	S	R	Likely_pathogenic	1	true
clinvar_3794715	SEZ6L	Q9BYH1	550	R	Q	Likely_benign	0	true
clinvar_1499569	C2CD3	Q4AC94	475	K	E	Conflicting_classifications_of_pathogenicity	0	true
clinvar_3310063	PRKDC	P78527	1202	R	K	Likely_benign	0	true
clinvar_3768270	ALPL	P05186	76	Q	H	Likely_pathogenic	1	true
clinvar_2640516	CTNNA3	Q9UI47	241	V	A	Conflicting_classifications_of_pathogenicity	0	true
clinvar_694465	CDC42BPB	Q9Y5S2	871	L	P	Likely_pathogenic	1	true
clinvar_239314	POLD1	P28340	954	T	R	Conflicting_classifications_of_pathogenicity	0	true
clinvar_555603	FANCA	O15360	435	R	C	Pathogenic	1	true
clinvar_210736	CLN8	Q9UBY8	157	H	R	Conflicting_classifications_of_pathogenicity	1	true
clinvar_1510689	ACP5	P13686	241	D	N	Pathogenic	1	true
clinvar_214785	NDUFS1	P28331	703	A	T	Likely_pathogenic	1	true
clinvar_1756655	ANK2	Q01484	2336	A	T	Conflicting_classifications_of_pathogenicity	0	true
clinvar_3254657	COL4A5	P29400	120	G	S	Conflicting_classifications_of_pathogenicity	1	true
clinvar_1299640	SMCHD1	A6NHR9	670	D	Y	Likely_pathogenic	1	true
clinvar_1347453	SDHB	P21912	243	C	W	Likely_pathogenic	1	true
clinvar_8571	NR3C2	P08235	818	S	L	Pathogenic	1	true
clinvar_241461	FA2H	Q7L5A8	113	R	Q	Conflicting_classifications_of_pathogenicity	0	true
clinvar_4063557	ATP7B	P35670	767	P	S	Likely_pathogenic	1	true
clinvar_551460	MMUT	P22033	186	M	V	Conflicting_classifications_of_pathogenicity	1	true
clinvar_544363	TP63	Q9H3D4	355	D	N	Pathogenic	1	true
clinvar_527206	FBN1	P35555	639	C	R	Pathogenic	1	true
clinvar_389464	AHDC1	Q5TGY3	203	E	Q	Conflicting_classifications_of_pathogenicity	1	true
clinvar_1652614	CA5A	P35218	263	R	H	Conflicting_classifications_of_pathogenicity	0	true
clinvar_1067934	FAS	P25445	260	D	N	Pathogenic	1	true
clinvar_2385500	HEYL	Q9NQ87	310	A	G	Likely_benign	0	true
clinvar_253292	SCN8A	Q9UQD0	1621	L	W	Pathogenic	1	true
clinvar_3535052	KLHL18	O94889	219	Y	C	Likely_benign	0	true
clinvar_721309	BCAN	Q96GW7	899	A	T	Likely_benign	0	true
clinvar_2107928	USH2A	O75445	749	C	R	Pathogenic	1	true
clinvar_216319	MSH6	P52701	174	R	K	Conflicting_classifications_of_pathogenicity	0	true
clinvar_3894538	INF2	Q27J81	161	T	P	Likely_pathogenic	1	true
clinvar_1349670	PALB2	Q86YC2	1034	N	S	Conflicting_classifications_of_pathogenicity	0	true
clinvar_237933	PMS2	P54278	306	V	E	Conflicting_classifications_of_pathogenicity	1	true
clinvar_499070	ABCB11	O95342	832	R	H	Conflicting_classifications_of_pathogenicity	1	true
clinvar_2655848	PCDHGA6	Q9Y5G7	737	G	A	Likely_benign	0	true
clinvar_3585961	COL4A3	Q01955	55	G	R	Likely_pathogenic	1	true
clinvar_5113	SGSH	P51688	150	R	Q	Pathogenic	1	true
clinvar_819409	BRCA2	P51587	502	K	R	Conflicting_classifications_of_pathogenicity	0	true
clinvar_207136	SCN8A	Q9UQD0	1960	R	Q	Conflicting_classifications_of_pathogenicity	0	true
clinvar_457240	FBN1	P35555	2017	C	R	Pathogenic/Likely_pathogenic	1	true
clinvar_773377	PIGA	P37287	449	S	C	Conflicting_classifications_of_pathogenicity	0	true
clinvar_973463	TRMU	O75648	227	R	T	Pathogenic/Likely_pathogenic	1	true
clinvar_2661722	PLXNB3	Q9ULL4	753	Y	H	Likely_benign	0	true
clinvar_130705	VLDLR	P98155	59	V	I	Benign/Likely_benign	0	true
clinvar_2197533	PC	P11498	1129	A	V	Likely_benign	0	true
clinvar_334	NF1	P21359	1953	L	P	Conflicting_classifications_of_pathogenicity	1	true
clinvar_66470	GFAP	P14136	79	R	G	Pathogenic	1	true
clinvar_294625	ASPM	Q8IZT6	1713	R	H	Conflicting_classifications_of_pathogenicity	0	true
clinvar_845057	TSC2	P49815	1706	R	L	Conflicting_classifications_of_pathogenicity	0	true
clinvar_4546829	LMF2	Q9BU23	597	T	M	Likely_benign	0	true
clinvar_2056054	ABCA1	O95477	674	M	L	Conflicting_classifications_of_pathogenicity	0	true
clinvar_447489	HNF1A	P20823	145	S	F	Pathogenic	1	true
clinvar_1356234	ICOSLG	O75144	229	G	S	Conflicting_classifications_of_pathogenicity	0	true
clinvar_366565	TOPORS	Q9NS56	783	G	R	Conflicting_classifications_of_pathogenicity	0	true
clinvar_1780893	MSH2	P43246	610	H	P	Likely_pathogenic	1	true
clinvar_796538	CIITA	P33076	1011	F	L	Likely_benign	0	true
clinvar_995947	BRCA2	P51587	2603	A	P	Likely_pathogenic	1	true
clinvar_922524	DSP	P15924	2114	N	D	Conflicting_classifications_of_pathogenicity	0	true
clinvar_2315474	PRR22	Q8IZ63	219	G	S	Likely_benign	0	true
clinvar_3317553	SERPINA5	P05154	197	V	M	Likely_benign	0	true
clinvar_988401	AR	P10275	864	L	P	Conflicting_classifications_of_pathogenicity	1	true
clinvar_2384932	STOX2	Q9P2F5	884	A	T	Likely_benign	0	true
clinvar_4827762	FBN3	Q75N90	2781	M	V	Likely_benign	0	true
clinvar_619014	CSNK2A1	P68400	156	D	H	Pathogenic	1	true
clinvar_376049	PIK3CA	P42336	88	R	Q	Pathogenic	1	true
clinvar_236228	TELO2	Q9Y4R8	260	P	L	Conflicting_classifications_of_pathogenicity	1	true
clinvar_537104	POLD1	P28340	6	R	W	Conflicting_classifications_of_pathogenicity	0	true
clinvar_2505426	FGFR1	P11362	337	G	R	Pathogenic	1	true
clinvar_619064	MCM9	Q9NXL9	304	N	S	Likely_benign	0	true
clinvar_479655	DICER1	Q9UPY3	1284	G	A	Likely_benign	0	true
clinvar_929426	CDKL5	O76039	13	F	S	Likely_pathogenic	1	true
clinvar_3901479	NSD1	Q96L73	1596	C	R	Pathogenic	1	true
clinvar_1902902	ADGRV1	Q8WXG9	437	R	Q	Conflicting_classifications_of_pathogenicity	0	true
clinvar_872484	SLC6A1	P30531	217	T	M	Conflicting_classifications_of_pathogenicity	1	true
clinvar_1699164	FDXR	P22570	487	R	C	Conflicting_classifications_of_pathogenicity	0	true
clinvar_263204	AGRN	O00468	258	T	I	Benign/Likely_benign	0	true
clinvar_290392	CACNA1D	Q01668	2112	R	C	Conflicting_classifications_of_pathogenicity	0	true
clinvar_547301	FBN1	P35555	684	C	F	Pathogenic/Likely_pathogenic	1	true
clinvar_1338641	RPS19	P39019	101	R	H	Pathogenic/Likely_pathogenic	1	true
clinvar_726891	GEMIN4	P57678	556	H	R	Benign	0	true
clinvar_4818221	STAR	P25092	157	L	P	Likely_pathogenic	1	true
clinvar_200189	FBN1	P35555	1909	I	T	Pathogenic/Likely_pathogenic	1	true
clinvar_2935889	IGHMBP2	P38935	61	G	E	Likely_pathogenic	1	true
clinvar_2112541	TMEM67	Q5HYA8	110	D	V	Likely_pathogenic	1	true
clinvar_4280405	CFB	P00751	350	K	N	Pathogenic	1	true
clinvar_3703996	KDM5C	P41229	1231	P	L	Conflicting_classifications_of_pathogenicity	0	true
clinvar_419852	PHEX	P78562	733	C	R	Pathogenic	1	true
clinvar_1759395	TNXB	P22105	2512	P	A	Conflicting_classifications_of_pathogenicity	0	true
clinvar_1315998	HNF1A	P20823	594	S	I	Pathogenic	1	true
clinvar_430454	SPAST	Q9UBP0	390	M	T	Likely_pathogenic	1	true
clinvar_3251466	TGM1	P22735	495	F	L	Conflicting_classifications_of_pathogenicity	1	true
clinvar_99185	ABCA4	P78363	100	S	P	Pathogenic/Likely_pathogenic	1	true
clinvar_3029488	GPC4	O75487	194	T	M	Likely_benign	0	true
clinvar_236037	MYO15A	Q9UKN7	2403	D	Y	Pathogenic/Likely_pathogenic	1	true
clinvar_1515233	SUN2	Q9UH99	141	V	M	Conflicting_classifications_of_pathogenicity	0	true
clinvar_551210	ASL	P04424	456	R	Q	Pathogenic/Likely_pathogenic	1	true
clinvar_97228	OTC	P00480	169	P	L	Pathogenic/Likely_pathogenic	1	true
clinvar_2579690	TBX5	Q99593	121	W	L	Likely_pathogenic	1	true
clinvar_1722756	G6PD	P11413	248	G	D	Likely_pathogenic	1	true
clinvar_3239712	SMN1	Q16637	270	S	G	Likely_pathogenic	1	true
clinvar_1685819	FBN1	P35555	1562	C	R	Pathogenic/Likely_pathogenic	1	true
clinvar_9488	ABCA1	O95477	935	N	S	Pathogenic	1	true
clinvar_2534506	PTPRS	Q13332	653	G	S	Likely_benign	0	true
clinvar_4148474	PWWP2B	Q6NUJ5	89	R	H	Likely_benign	0	true
clinvar_10879	PDHA1	P08559	302	R	C	Pathogenic	1	true
clinvar_1705787	NPC1	O15118	1089	E	Q	Likely_pathogenic	1	true
clinvar_1253265	INSL3	P51460	60	T	A	Benign	0	true
clinvar_648864	KCNQ2	O43526	283	K	E	Likely_pathogenic	1	true
clinvar_1222775	GALM	Q96C23	190	N	Y	Benign	0	true
clinvar_3238962	ZNRF3	Q9ULT6	296	C	Y	Pathogenic	1	true
clinvar_625119	FBN1	P35555	1111	C	Y	Pathogenic	1	true
clinvar_2930156	FLNC	Q14315	2205	V	M	Likely_benign	0	true
clinvar_4015131	DSPP	Q9NZW4	1017	N	D	Likely_benign	0	true
clinvar_1167466	ANKZF1	Q9H8Y5	137	S	T	Benign	0	true
clinvar_3655593	KMT2D	O14686	3425	A	T	Benign	0	true
clinvar_643019	COL5A2	P05997	1213	P	L	Conflicting_classifications_of_pathogenicity	0	true
clinvar_2658445	MTUS1	Q9ULD2	1105	E	Q	Likely_benign	0	true
clinvar_2048339	AKT2	P31751	139	A	V	Likely_benign	0	true
clinvar_1518588	HOGA1	Q86XE5	245	V	F	Pathogenic/Likely_pathogenic	1	true
clinvar_2576974	SYNJ1	O43426	800	R	C	Likely_pathogenic	1	true
clinvar_2202940	USH2A	O75445	4269	P	H	Conflicting_classifications_of_pathogenicity	1	true
clinvar_4128899	ORC5	O43913	111	T	A	Likely_benign	0	true
clinvar_2646755	HYDIN	Q4G0P3	2184	P	L	Likely_benign	0	true
clinvar_1313622	FBN2	P35556	2559	P	L	Conflicting_classifications_of_pathogenicity	0	true
clinvar_2433277	L1CAM	P32004	865	H	Y	Conflicting_classifications_of_pathogenicity	0	true
clinvar_4382538	GOLGA3	Q08378	899	A	V	Likely_benign	0	true
clinvar_3306079	PHC2	Q8IXK0	258	G	S	Likely_benign	0	true
clinvar_403835	MEN1	O00255	409	C	Y	Conflicting_classifications_of_pathogenicity	0	true
clinvar_801075	BRCA1	P38398	1465	I	V	Conflicting_classifications_of_pathogenicity	0	true
clinvar_306802	GNPTAB	Q3T906	968	E	D	Conflicting_classifications_of_pathogenicity	0	true
clinvar_2071489	ZHX3	Q9H4I2	253	A	T	Conflicting_classifications_of_pathogenicity	0	true
clinvar_520232	FBN1	P35555	2633	C	R	Pathogenic/Likely_pathogenic	1	true
clinvar_235409	CNGB1	Q14028	952	V	M	Benign/Likely_benign	0	true
clinvar_1170042	CRB2	Q5IJ48	890	G	R	Benign/Likely_benign	0	true
clinvar_978637	GLDN	Q6ZMI3	343	G	S	Likely_pathogenic	1	true
clinvar_594332	ABCB11	O95342	233	L	S	Conflicting_classifications_of_pathogenicity	1	true
clinvar_2132509	ACVRL1	P37023	51	C	S	Likely_pathogenic	1	true
clinvar_2367570	OR13C5	Q8NGS8	237	P	A	Likely_benign	0	true
clinvar_3431246	RBM20	Q5T481	1013	S	C	Likely_benign	0	true
clinvar_3875818	MUC5B	Q9HC84	3626	P	S	Likely_benign	0	true
clinvar_3276987	F5	P12259	1814	S	N	Likely_benign	0	true
clinvar_3384109	SLC26A4	O43511	384	E	Q	Pathogenic/Likely_pathogenic	1	true
clinvar_3373126	MAPK1	P28482	119	Q	H	Likely_pathogenic	1	true
clinvar_490123	RAD51C	O43502	110	I	S	Conflicting_classifications_of_pathogenicity	0	true
clinvar_3767221	NDUFV1	P49821	115	V	E	Likely_pathogenic	1	true
clinvar_657146	MTHFR	P42898	338	M	T	Pathogenic/Likely_pathogenic	1	true
clinvar_1176079	CIC	Q96RK0	1561	A	P	Conflicting_classifications_of_pathogenicity	0	true
clinvar_915416	SUMF1	Q8NBK3	131	V	G	Conflicting_classifications_of_pathogenicity	1	true
clinvar_2518773	UMODL1	Q5DID0	1084	Q	R	Likely_benign	0	true
clinvar_135095	PTCH1	Q13635	741	A	V	Benign/Likely_benign	0	true
clinvar_939451	DMD	P11532	2026	K	E	Conflicting_classifications_of_pathogenicity	0	true
clinvar_215052	RARS2	Q5T160	214	A	V	Conflicting_classifications_of_pathogenicity	0	true
clinvar_1330343	ITGA2B	P08514	724	M	I	Likely_pathogenic	1	true
clinvar_3510098	ERICH1	Q86X53	339	S	G	Likely_benign	0	true
clinvar_805194	PKD1	P98161	3174	H	P	Conflicting_classifications_of_pathogenicity	1	true
clinvar_11416	FOXP3	Q9BZS1	324	F	L	Conflicting_classifications_of_pathogenicity	1	true
clinvar_3071879	LDLR	P01130	656	H	Y	Conflicting_classifications_of_pathogenicity	1	true
clinvar_251622	LDLR	P01130	352	C	W	Pathogenic/Likely_pathogenic	1	true
clinvar_158553	EBP	Q15125	211	L	R	Likely_pathogenic	1	true
clinvar_14102	MYH7	P12883	403	R	W	Pathogenic	1	true
clinvar_4606789	ZC3H13	Q5T200	1115	V	A	Likely_benign	0	true
clinvar_578268	TRPM4	Q8TD43	286	T	A	Conflicting_classifications_of_pathogenicity	0	true
clinvar_4158557	S100A16	Q96FQ6	88	G	S	Likely_benign	0	true
clinvar_2661877	CLIC2	O15247	214	R	H	Conflicting_classifications_of_pathogenicity	0	true
clinvar_179668	DSP	P15924	1497	R	Q	Conflicting_classifications_of_pathogenicity	0	true
clinvar_522002	ITPR1	Q14643	244	H	P	Likely_pathogenic	1	true
clinvar_3696378	SETD2	Q9BYW2	2336	I	V	Conflicting_classifications_of_pathogenicity	0	true
clinvar_459212	GLI3	P10071	1275	G	R	Conflicting_classifications_of_pathogenicity	0	true
clinvar_2030048	GJB1	P08034	62	S	R	Pathogenic	1	true
clinvar_21026	PSEN1	P49768	392	L	P	Pathogenic	1	true
clinvar_839452	NEDD4L	Q96PU5	20	R	C	Benign/Likely_benign	0	true
clinvar_4154060	ABHD10	Q9NUJ1	175	V	I	Likely_benign	0	true
clinvar_4251715	EVX2	Q03828	148	G	S	Likely_benign	0	true
clinvar_4090009	KBTBD6	Q86V97	142	E	Q	Likely_benign	0	true
clinvar_2677397	OCA2	Q04671	450	T	K	Pathogenic/Likely_pathogenic	1	true
clinvar_3253660	GJA8	P48165	101	R	L	Conflicting_classifications_of_pathogenicity	1	true
clinvar_192235	DRAM2	Q6UX65	27	Y	H	Pathogenic	1	true
clinvar_4533916	ARID2	Q68CP9	1289	H	R	Likely_benign	0	true
clinvar_183298	C19orf12	Q9NSK7	42	G	R	Conflicting_classifications_of_pathogenicity	1	true
clinvar_3913718	MSH6	P52701	70	K	N	Likely_benign	0	true
clinvar_159878	SETBP1	Q9Y6X0	1377	V	L	Benign	0	true
clinvar_4292886	NSD1	Q96L73	1726	P	L	Likely_pathogenic	1	true
clinvar_1040041	VPS45	Q9NRW7	386	R	H	Conflicting_classifications_of_pathogenicity	1	true
clinvar_3839221	DEAF1	O75398	256	I	T	Likely_pathogenic	1	true
clinvar_3605982	MYH9	P35579	18	N	S	Conflicting_classifications_of_pathogenicity	0	true
clinvar_517063	TTN	Q8WZ42	4017	L	V	Likely_benign	0	true
clinvar_870621	RYR1	P21817	1572	M	T	Likely_pathogenic	1	true
clinvar_2160690	SPECC1L	Q69YQ0	224	E	G	Likely_benign	0	true
clinvar_1762638	BRCA2	P51587	2752	I	V	Benign	0	true
clinvar_1472021	FBN1	P35555	1221	C	S	Pathogenic	1	true
clinvar_3765562	GRIK2	Q13002	191	A	S	Likely_pathogenic	1	true
clinvar_433794	BRCA2	P51587	1805	N	D	Likely_benign	0	true
clinvar_1523103	LAMP2	P13473	1	M	L	Pathogenic	1	true
clinvar_1148518	SCN7A	Q01118	1645	D	Y	Likely_benign	0	true
clinvar_569745	ALDH7A1	P49419	329	R	S	Likely_pathogenic	1	true
clinvar_485334	BLM	P54132	399	E	K	Conflicting_classifications_of_pathogenicity	0	true
clinvar_373992	CNTNAP2	Q9UHC6	179	Y	C	Likely_benign	0	true
clinvar_1439250	ZBTB20	Q9HC78	60	A	T	Likely_benign	0	true
clinvar_2229652	TBL1X	O60907	179	S	P	Likely_benign	0	true
clinvar_551805	SGCB	Q16585	89	V	M	Likely_pathogenic	1	true
clinvar_36079	FBN1	P35555	1562	C	S	Likely_pathogenic	1	true
clinvar_230249	BRCA1	P38398	1012	R	K	Conflicting_classifications_of_pathogenicity	0	true
clinvar_44739	GJB2	P29033	114	E	G	Benign/Likely_benign	0	true
clinvar_101371	COL3A1	P02461	1119	G	D	Likely_pathogenic	1	true
clinvar_1464790	SH3TC2	Q8TF17	148	C	G	Likely_benign	0	true
clinvar_2003709	COL3A1	P02461	597	G	S	Likely_pathogenic	1	true
clinvar_2897271	NOTCH1	P46531	2438	P	S	Likely_benign	0	true
clinvar_238933	DNAH11	Q96DT5	2756	C	R	Benign	0	true
clinvar_2729045	DNAH11	Q96DT5	4085	C	W	Conflicting_classifications_of_pathogenicity	0	true
clinvar_703012	ANOS1	P23352	26	G	R	Conflicting_classifications_of_pathogenicity	0	true
clinvar_4090069	KCNA2	P16389	411	S	Y	Conflicting_classifications_of_pathogenicity	1	true
clinvar_581439	MFN2	O95140	91	V	L	Conflicting_classifications_of_pathogenicity	1	true
clinvar_214853	NDUFV1	P49821	357	M	T	Conflicting_classifications_of_pathogenicity	1	true
clinvar_2572833	TBL1XR1	Q9BZK7	242	T	P	Pathogenic	1	true
clinvar_3513517	FBN1	P35555	534	C	R	Likely_pathogenic	1	true
clinvar_66690	NEFL	P07196	90	E	K	Pathogenic	1	true
clinvar_1396046	NAA10	P41227	99	I	L	Conflicting_classifications_of_pathogenicity	1	true
clinvar_3380347	CFHR1	Q03591	205	T	M	Likely_benign	0	true
clinvar_1071939	SCN1A	P35498	271	G	V	Pathogenic/Likely_pathogenic	1	true
clinvar_1959360	GBE1	Q04446	143	K	N	Conflicting_classifications_of_pathogenicity	1	true
clinvar_40559	PTPN11	Q06124	503	G	R	Pathogenic	1	true
clinvar_1296993	MTOR	P42345	1490	W	R	Likely_pathogenic	1	true
clinvar_637215	GJB1	P08034	30	I	T	Pathogenic	1	true
clinvar_871051	NMNAT1	Q9HAN9	212	V	M	Conflicting_classifications_of_pathogenicity	1	true
clinvar_365650	DBH	P09172	290	D	N	Benign	0	true
clinvar_1474975	NAGS	Q8N159	509	R	Q	Conflicting_classifications_of_pathogenicity	1	true
clinvar_3195571	ZNF407	Q9C0G0	33	G	S	Conflicting_classifications_of_pathogenicity	0	true
clinvar_940378	RS1	O15537	109	G	R	Pathogenic	1	true
clinvar_3544432	BBS12	Q6ZW61	123	C	R	Likely_pathogenic	1	true
clinvar_2001011	COL4A1	P02462	975	G	R	Pathogenic	1	true
clinvar_98983	RS1	O15537	178	G	D	Pathogenic	1	true
clinvar_1343617	KAT6A	Q92794	897	E	Q	Conflicting_classifications_of_pathogenicity	0	true
clinvar_425149	RAC3	P60763	62	E	K	Pathogenic	1	true
clinvar_932011	SEC23B	Q15437	239	D	G	Conflicting_classifications_of_pathogenicity	1	true
clinvar_3061850	MAP2K2	P36507	135	G	V	Conflicting_classifications_of_pathogenicity	1	true
clinvar_1251996	ATP1A3	P13637	803	G	S	Pathogenic	1	true
clinvar_846942	PALB2	Q86YC2	162	C	S	Conflicting_classifications_of_pathogenicity	0	true
clinvar_667414	TECTA	O75443	1898	C	R	Conflicting_classifications_of_pathogenicity	1	true
clinvar_3707326	ACSF3	Q4G176	490	E	V	Likely_pathogenic	1	true
clinvar_2786465	KMT2D	O14686	1560	V	M	Benign/Likely_benign	0	true
clinvar_2658239	KMT2C	Q8NEZ4	642	Q	R	Likely_benign	0	true
clinvar_444714	DNAH11	Q96DT5	1	M	R	Likely_pathogenic	1	true
clinvar_3442811	SLC16A7	O60669	380	I	V	Likely_benign	0	true
clinvar_475069	POT1	Q9NUX5	66	Y	C	Conflicting_classifications_of_pathogenicity	0	true
clinvar_3769307	GAA	P10253	520	N	K	Likely_pathogenic	1	true
clinvar_3376581	COL7A1	Q02388	2682	K	R	Pathogenic	1	true
clinvar_1327560	PAH	P00439	326	W	S	Likely_pathogenic	1	true
clinvar_4165198	SIGLEC11	Q96RL6	185	K	E	Likely_benign	0	true
clinvar_2573115	KLK2	P20151	250	R	W	Benign	0	true
clinvar_3410300	OR10H4	Q8NGA5	3	S	G	Likely_benign	0	true
clinvar_4738420	KMT2D	O14686	571	R	C	Benign	0	true
clinvar_803562	RPS19	P39019	72	V	F	Conflicting_classifications_of_pathogenicity	1	true
clinvar_3982633	XBP1	P17861	144	A	T	Likely_benign	0	true
clinvar_2498161	TYR	P14679	33	K	E	Conflicting_classifications_of_pathogenicity	1	true
clinvar_102528	PAH	P00439	372	T	S	Likely_pathogenic	1	true
clinvar_774975	DOCK11	Q5JSL3	866	Q	R	Benign	0	true
clinvar_4532784	ATRX	P46100	189	H	Q	Pathogenic	1	true
clinvar_2716754	ALX1	Q15699	119	L	R	Likely_benign	0	true
clinvar_2785367	FAM111A	Q96PZ2	271	R	K	Benign	0	true
clinvar_2397704	PKD2	Q13563	681	N	S	Conflicting_classifications_of_pathogenicity	0	true
clinvar_1443520	COL4A5	P29400	230	G	D	Pathogenic	1	true
clinvar_801605	CACNA1S	Q13698	578	M	I	Likely_pathogenic	1	true
clinvar_227240	CEACAM16	Q2WEN9	417	V	L	Benign/Likely_benign	0	true
clinvar_496938	COL5A2	P05997	329	M	V	Conflicting_classifications_of_pathogenicity	0	true
clinvar_1403674	OCA2	Q04671	793	C	Y	Pathogenic/Likely_pathogenic	1	true
clinvar_25411	SLC22A5	O76082	398	P	L	Pathogenic/Likely_pathogenic	1	true
clinvar_768838	SREBF1	P36956	417	V	M	Benign	0	true
clinvar_3295860	MRGPRX1	Q96LB2	30	L	F	Likely_benign	0	true
clinvar_1676626	COL7A1	Q02388	2025	G	S	Pathogenic	1	true
clinvar_3891320	IDS	P22304	198	D	A	Likely_pathogenic	1	true
clinvar_472987	HARS1	P12081	376	K	R	Benign	0	true
clinvar_2310980	MED13	Q9UHV7	982	T	A	Likely_benign	0	true
clinvar_2692299	ABCA4	P78363	2152	G	S	Likely_pathogenic	1	true
clinvar_2156615	ABCD1	P33897	124	R	H	Conflicting_classifications_of_pathogenicity	0	true
clinvar_3281404	GIN1	Q9NXP7	342	L	F	Likely_benign	0	true
clinvar_41829	BRCA1	P38398	1635	E	K	Conflicting_classifications_of_pathogenicity	0	true
clinvar_1199226	BCL11A	Q9H165	559	S	G	Conflicting_classifications_of_pathogenicity	1	true
clinvar_3599785	HBB	P68871	54	A	T	Likely_pathogenic	1	true
clinvar_2827362	CDK13	Q14004	207	G	V	Benign	0	true
clinvar_246183	FIG4	Q92562	169	Y	S	Conflicting_classifications_of_pathogenicity	1	true
clinvar_628813	KCNQ1	P51787	459	D	N	Conflicting_classifications_of_pathogenicity	0	true
clinvar_4838071	SCLT1	Q96NL6	142	Q	E	Likely_benign	0	true
clinvar_2396328	FAM83E	Q2M2I3	318	R	C	Likely_benign	0	true
clinvar_413921	PHOX2B	Q99453	24	S	P	Benign/Likely_benign	0	true
clinvar_958512	GARS1	P41250	334	I	T	Pathogenic/Likely_pathogenic	1	true
clinvar_2125980	COL2A1	P02458	1	M	L	Pathogenic	1	true
clinvar_258947	SPTA1	P02549	1836	N	S	Benign	0	true
clinvar_217334	GJA3	Q9Y6H8	87	T	M	Likely_pathogenic	1	true
clinvar_548007	GBE1	Q04446	498	E	K	Conflicting_classifications_of_pathogenicity	1	true
clinvar_1804153	GABBR1	Q9UBS5	368	E	D	Likely_pathogenic	1	true
clinvar_452700	NOTCH1	P46531	1114	R	H	Conflicting_classifications_of_pathogenicity	0	true
clinvar_953601	AKAP9	Q99996	902	L	V	Conflicting_classifications_of_pathogenicity	0	true
clinvar_694479	USP53	Q70EK8	293	G	V	Likely_pathogenic	1	true
clinvar_727505	COMT	P21964	102	A	T	Benign	0	true
clinvar_1682597	SEPTIN9	Q9UHD8	129	R	W	Conflicting_classifications_of_pathogenicity	0	true
clinvar_3302693	OR2G6	Q5TZ20	134	A	V	Likely_benign	0	true
clinvar_805469	SLC12A3	P55017	887	R	Q	Pathogenic/Likely_pathogenic	1	true
clinvar_974499	PKD1	P98161	2234	V	E	Likely_pathogenic	1	true
clinvar_4746214	FKRP	Q9H9S5	462	P	R	Likely_pathogenic	1	true
clinvar_533568	FLNA	P21333	538	Y	C	Conflicting_classifications_of_pathogenicity	0	true
clinvar_1953682	LAMA5	O15230	1840	D	N	Conflicting_classifications_of_pathogenicity	0	true
clinvar_2672710	RECQL5	O94762	687	R	P	Benign	0	true
clinvar_1905649	NLRP1	Q9C000	883	K	R	Conflicting_classifications_of_pathogenicity	0	true
clinvar_549761	BRCA1	P38398	339	K	R	Conflicting_classifications_of_pathogenicity	0	true
clinvar_782398	FMO1	Q01740	373	K	R	Benign	0	true
clinvar_837104	CHD7	Q9P2D1	351	V	I	Likely_benign	0	true
clinvar_2098880	CLCN7	P51798	584	M	V	Conflicting_classifications_of_pathogenicity	1	true
clinvar_630086	BRCA2	P51587	1327	A	S	Conflicting_classifications_of_pathogenicity	0	true
clinvar_802884	GNPTAB	Q3T906	1152	D	E	Likely_pathogenic	1	true
clinvar_2019337	STXBP1	P61764	1	M	R	Pathogenic/Likely_pathogenic	1	true
clinvar_2952527	FBN1	P35555	1249	C	G	Pathogenic	1	true
clinvar_143827	CDKL5	O76039	196	S	L	Pathogenic/Likely_pathogenic	1	true
clinvar_241246	FANCL	Q9NW38	372	G	A	Likely_benign	0	true
clinvar_3255486	SERPING1	P05155	193	L	P	Pathogenic	1	true
clinvar_3025636	CDH11	P55287	691	I	M	Likely_benign	0	true
clinvar_229298	TECTA	O75443	1106	G	D	Conflicting_classifications_of_pathogenicity	0	true
clinvar_412126	DICER1	Q9UPY3	982	N	K	Conflicting_classifications_of_pathogenicity	0	true
clinvar_779657	ABCG5	Q9H222	517	T	S	Benign/Likely_benign	0	true
clinvar_1048245	GALNS	P34059	494	M	V	Conflicting_classifications_of_pathogenicity	1	true
clinvar_375721	HUWE1	Q7Z6Z7	4106	Y	C	Likely_pathogenic	1	true
clinvar_1404789	SLC45A2	Q9UMX9	89	G	R	Likely_pathogenic	1	true
clinvar_3290999	LMTK2	Q8IWU2	1244	D	E	Likely_benign	0	true
clinvar_232813	BRCA1	P38398	798	P	L	Conflicting_classifications_of_pathogenicity	0	true
clinvar_285260	SGCB	Q16585	116	M	V	Conflicting_classifications_of_pathogenicity	1	true
clinvar_1804059	SOX11	P35716	49	I	S	Likely_pathogenic	1	true
clinvar_1806944	TARDBP	Q13148	295	G	R	Conflicting_classifications_of_pathogenicity	1	true
clinvar_1801970	THOC2	Q8NI27	930	R	C	Likely_pathogenic	1	true
clinvar_691322	COL1A1	P02452	1061	G	A	Likely_pathogenic	1	true
clinvar_526731	NTRK1	P04629	214	R	W	Conflicting_classifications_of_pathogenicity	0	true
clinvar_981033	MTHFR	P42898	159	D	G	Likely_pathogenic	1	true
clinvar_1338436	RPS19	P39019	101	R	P	Likely_pathogenic	1	true
clinvar_141584	BRCA2	P51587	2627	I	V	Conflicting_classifications_of_pathogenicity	0	true
clinvar_289541	PEX5	P50542	202	V	L	Conflicting_classifications_of_pathogenicity	0	true
clinvar_1448424	AKAP9	Q99996	1927	Y	H	Conflicting_classifications_of_pathogenicity	0	true
clinvar_3265746	CELSR1	Q9NYQ6	1345	N	T	Likely_benign	0	true
clinvar_1983490	KMT2B	Q9UMN6	1879	G	V	Conflicting_classifications_of_pathogenicity	0	true
clinvar_3340582	GNAO1	P09471	74	Y	D	Pathogenic	1	true
clinvar_4383843	DDX11	Q96FC9	522	R	Q	Likely_benign	0	true
clinvar_404094	HCN1	O60741	651	S	W	Likely_benign	0	true
clinvar_12679	TIMP3	P35625	189	G	C	Likely_pathogenic	1	true
clinvar_769061	ZNF587	Q96SQ5	316	L	R	Benign	0	true
clinvar_9102	ABCC8	Q09428	132	F	L	Pathogenic/Likely_pathogenic	1	true
clinvar_42078	BLM	P54132	1055	C	S	Pathogenic/Likely_pathogenic	1	true
clinvar_627361	RASGRP2	Q7LDG7	235	L	P	Likely_pathogenic	1	true
clinvar_2636939	LDLR	P01130	608	P	H	Pathogenic/Likely_pathogenic	1	true
clinvar_412	RNASET2	O00584	184	C	R	Pathogenic	1	true
clinvar_158533	EBP	Q15125	68	W	C	Pathogenic/Likely_pathogenic	1	true
clinvar_193859	SCN9A	Q15858	519	E	K	Conflicting_classifications_of_pathogenicity	0	true
clinvar_2489131	HPSE	Q9Y251	11	P	L	Likely_benign	0	true
clinvar_3585933	COL4A4	P53420	187	G	V	Likely_pathogenic	1	true
clinvar_711978	TAAR1	Q96RJ0	23	R	C	Benign	0	true
clinvar_182033	BARD1	Q99728	454	P	A	Conflicting_classifications_of_pathogenicity	0	true
clinvar_725287	ADAMTS18	Q8TE60	1053	R	W	Conflicting_classifications_of_pathogenicity	0	true
clinvar_547446	KMT2D	O14686	2484	L	P	Likely_benign	0	true
clinvar_2525729	MFGE8	Q08431	113	M	I	Likely_benign	0	true
clinvar_3065273	COMP	P49747	529	T	N	Likely_pathogenic	1	true
clinvar_1471003	ADGRV1	Q8WXG9	2210	T	R	Likely_benign	0	true
clinvar_881647	LRRK2	Q5S007	955	S	L	Likely_benign	0	true
clinvar_251385	LDLR	P01130	226	S	C	Likely_pathogenic	1	true
clinvar_525394	CCDC39	Q9UFE4	538	L	V	Conflicting_classifications_of_pathogenicity	0	true
clinvar_4234587	CRYBB1	P53674	36	G	S	Likely_benign	0	true
clinvar_549957	COL4A4	P53420	1328	G	A	Likely_pathogenic	1	true
clinvar_2499486	WFS1	O76024	543	L	F	Likely_pathogenic	1	true
clinvar_537708	CPLANE1	Q9H799	78	G	V	Pathogenic	1	true
clinvar_1496488	SGCA	Q16586	158	L	F	Likely_pathogenic	1	true
clinvar_1070571	RYR2	Q92736	4090	P	L	Pathogenic	1	true
clinvar_2447883	TSC1	Q92574	220	V	D	Likely_pathogenic	1	true
clinvar_135976	MET	P08581	238	L	S	Conflicting_classifications_of_pathogenicity	0	true
clinvar_4547657	LRRC18	Q8N456	219	D	E	Likely_benign	0	true
clinvar_1804017	NPRL2	Q8WTW4	78	R	C	Conflicting_classifications_of_pathogenicity	1	true
clinvar_942959	SDHA	P31040	12	S	G	Conflicting_classifications_of_pathogenicity	0	true
clinvar_1502533	COL4A5	P29400	1170	G	C	Pathogenic/Likely_pathogenic	1	true
clinvar_3069170	ATP6V1C1	P21283	289	E	K	Pathogenic	1	true
clinvar_2734636	IDUA	P35475	179	T	K	Likely_pathogenic	1	true
clinvar_1414351	SLC1A2	P43004	36	R	H	Conflicting_classifications_of_pathogenicity	0	true
clinvar_1334403	ATP2B1	P20020	980	V	L	Likely_pathogenic	1	true
clinvar_166914	CNTNAP2	Q9UHC6	1199	A	S	Conflicting_classifications_of_pathogenicity	0	true
clinvar_3431731	RDM1	Q8NG50	64	V	I	Likely_benign	0	true
clinvar_2068303	ALMS1	Q8TCU4	574	S	F	Conflicting_classifications_of_pathogenicity	0	true
clinvar_2506413	ITGA2B	P08514	71	P	R	Likely_pathogenic	1	true
clinvar_43564	SLC26A4	O43511	233	V	L	Conflicting_classifications_of_pathogenicity	1	true
clinvar_3870431	MAPK15	Q8TD08	410	V	I	Likely_benign	0	true
clinvar_392722	SLC52A3	Q9NQ40	408	G	D	Conflicting_classifications_of_pathogenicity	1	true
clinvar_4845385	DNM1	Q05193	44	K	R	Likely_pathogenic	1	true
clinvar_431947	ABCA4	P78363	1776	P	L	Pathogenic/Likely_pathogenic	1	true
clinvar_1496810	LRRC56	Q8IYG6	129	A	T	Conflicting_classifications_of_pathogenicity	0	true
clinvar_15794	HBA1	P69905	31	E	K	Conflicting_classifications_of_pathogenicity	0	true
clinvar_12108	C7	P10643	379	G	R	Conflicting_classifications_of_pathogenicity	1	true
clinvar_577106	MEGF10	Q96KG7	107	P	S	Conflicting_classifications_of_pathogenicity	1	true
clinvar_3068521	IGF1R	P08069	1193	S	L	Conflicting_classifications_of_pathogenicity	1	true
clinvar_1037668	NMNAT1	Q9HAN9	183	L	F	Conflicting_classifications_of_pathogenicity	1	true
clinvar_2138033	G6PC1	P35575	188	G	D	Conflicting_classifications_of_pathogenicity	1	true
clinvar_447971	PKD1	P98161	466	V	M	Conflicting_classifications_of_pathogenicity	1	true
clinvar_694734	DNM2	P50570	604	E	K	Conflicting_classifications_of_pathogenicity	1	true
clinvar_2326782	MGME1	Q9BQP7	234	I	V	Likely_benign	0	true
clinvar_164726	MYO7A	Q13402	2205	M	I	Conflicting_classifications_of_pathogenicity	0	true
clinvar_181944	ATM	Q13315	26	E	Q	Likely_benign	0	true
clinvar_3437627	SBNO2	Q9Y2G9	62	A	T	Likely_benign	0	true
clinvar_142283	STK11	Q15831	390	V	M	Conflicting_classifications_of_pathogenicity	0	true
clinvar_3160594	SETD1A	O15047	1389	L	V	Likely_benign	0	true
clinvar_529315	COL3A1	P02461	318	G	D	Pathogenic/Likely_pathogenic	1	true
clinvar_2138678	PLP1	P60201	225	L	P	Conflicting_classifications_of_pathogenicity	1	true
clinvar_973301	MED13L	Q71F56	332	E	G	Likely_pathogenic	1	true
clinvar_3898744	TGFBR1	P36897	474	C	W	Likely_pathogenic	1	true
clinvar_2517424	PZP	P20742	492	H	Y	Likely_benign	0	true
clinvar_433187	COL4A5	P29400	141	G	S	Likely_pathogenic	1	true
clinvar_738572	FOCAD	Q5VW36	1379	P	S	Likely_benign	0	true
clinvar_803543	JAK3	P52333	403	R	H	Pathogenic/Likely_pathogenic	1	true
clinvar_3024812	GRIA2	P42262	268	S	A	Benign	0	true
clinvar_2644938	OR4M2	Q8NGB6	150	R	S	Likely_benign	0	true
clinvar_2683883	KIF5A	Q12840	799	K	R	Likely_pathogenic	1	true
clinvar_1505055	LAMA2	P24043	2889	G	E	Likely_pathogenic	1	true
clinvar_934477	RYR2	Q92736	630	H	N	Conflicting_classifications_of_pathogenicity	0	true
clinvar_1270887	VPS13C	Q709C8	2482	R	H	Benign	0	true
clinvar_138445	NDUFA2	O43678	14	L	V	Conflicting_classifications_of_pathogenicity	0	true
clinvar_405263	KCNQ1	P51787	283	A	P	Likely_pathogenic	1	true
clinvar_4705094	ABCD1	P33897	194	D	E	Pathogenic	1	true
clinvar_1335824	TMPRSS3	P57727	248	T	M	Pathogenic/Likely_pathogenic	1	true
clinvar_203671	DLD	P09622	290	D	G	Conflicting_classifications_of_pathogenicity	0	true
clinvar_1488779	PKHD1	P08F94	2809	G	E	Likely_pathogenic	1	true
clinvar_987057	SURF1	Q15526	107	A	S	Pathogenic	1	true
clinvar_826630	HOXB13	Q92826	23	G	R	Conflicting_classifications_of_pathogenicity	0	true
clinvar_1320625	NALCN	Q8IZF0	1020	V	I	Pathogenic/Likely_pathogenic	1	true
clinvar_788278	PALM2AKAP2	Q9Y2D5	631	P	T	Conflicting_classifications_of_pathogenicity	0	true
clinvar_126203	BRCA2	P51587	3076	G	V	Pathogenic	1	true
clinvar_2174451	SACS	Q9NZJ4	3753	R	K	Likely_benign	0	true
clinvar_2675194	AGXT	P21549	173	C	R	Conflicting_classifications_of_pathogenicity	1	true
clinvar_1527883	ATP1A3	P13637	896	W	R	Likely_pathogenic	1	true
clinvar_870987	KMT2D	O14686	2841	P	T	Conflicting_classifications_of_pathogenicity	0	true
clinvar_4610818	ZNF584	Q8IVC4	205	R	Q	Likely_benign	0	true
clinvar_795138	CCDC168	Q8NDH2	1414	L	F	Benign	0	true
clinvar_1416548	ALPK3	Q96L96	1455	S	R	Conflicting_classifications_of_pathogenicity	0	true
clinvar_3108223	IFNA10	P01566	94	E	K	Likely_benign	0	true
clinvar_411975	VHL	P40337	9	D	E	Conflicting_classifications_of_pathogenicity	0	true
clinvar_3390145	PRKCG	P05129	118	G	R	Likely_pathogenic	1	true
clinvar_4590013	ATF6	P18850	106	R	Q	Likely_benign	0	true
clinvar_376774	CCDC88C	Q9P219	1299	R	C	Conflicting_classifications_of_pathogenicity	0	true
clinvar_3580840	RPGRIP1L	Q68CZ1	727	G	S	Likely_pathogenic	1	true
clinvar_803492	MYO5B	Q9ULV0	206	I	T	Conflicting_classifications_of_pathogenicity	1	true
clinvar_3343912	IRF2BPL	Q9H1B7	466	H	D	Pathogenic	1	true
clinvar_1163753	SOD1	P00441	138	T	I	Pathogenic/Likely_pathogenic	1	true
clinvar_807574	COL4A5	P29400	635	G	V	Pathogenic	1	true
clinvar_578843	SH3TC2	Q8TF17	997	R	W	Conflicting_classifications_of_pathogenicity	0	true
clinvar_3172512	SWT1	Q5T5J6	72	G	E	Likely_benign	0	true
clinvar_1722603	G6PD	P11413	336	T	A	Likely_pathogenic	1	true
clinvar_737834	CUL7	Q14999	983	R	H	Likely_benign	0	true
clinvar_2395251	COX5A	P20674	74	I	M	Likely_benign	0	true
clinvar_1202065	AFF2	P51816	1227	N	H	Conflicting_classifications_of_pathogenicity	0	true
clinvar_1683603	COL1A2	P08123	448	G	E	Likely_pathogenic	1	true
clinvar_403597	USB1	Q9BQ65	250	Q	E	Benign/Likely_benign	0	true
clinvar_298689	COL17A1	Q9UMD9	1345	G	R	Benign/Likely_benign	0	true
clinvar_231059	ATM	Q13315	2541	L	R	Conflicting_classifications_of_pathogenicity	1	true
clinvar_830057	CPT2	P23786	255	D	G	Conflicting_classifications_of_pathogenicity	1	true
clinvar_2212469	RAD54B	Q9Y620	847	V	I	Likely_benign	0	true
clinvar_2321056	ANKZF1	Q9H8Y5	25	V	I	Conflicting_classifications_of_pathogenicity	0	true
clinvar_4102	TMC1	Q8TDI8	572	D	N	Pathogenic/Likely_pathogenic	1	true
clinvar_190489	AKAP9	Q99996	2325	R	K	Likely_benign	0	true
clinvar_962310	EGFR	P00533	730	L	R	Conflicting_classifications_of_pathogenicity	0	true
clinvar_201748	DMD	P11532	1313	M	V	Conflicting_classifications_of_pathogenicity	0	true
clinvar_410870	DNAH11	Q96DT5	3722	L	P	Likely_pathogenic	1	true
clinvar_216496	MET	P08581	37	V	L	Conflicting_classifications_of_pathogenicity	0	true
clinvar_438520	PHEX	P78562	588	N	S	Pathogenic	1	true
clinvar_1368927	MYBPC3	Q14896	408	S	N	Conflicting_classifications_of_pathogenicity	1	true
clinvar_251582	LDLR	P01130	326	S	F	Likely_pathogenic	1	true
clinvar_206529	POLG	P54098	853	R	Q	Pathogenic/Likely_pathogenic	1	true
clinvar_24945	RET	P07949	833	R	C	Conflicting_classifications_of_pathogenicity	0	true
clinvar_482497	APC	P25054	102	S	P	Conflicting_classifications_of_pathogenicity	0	true
clinvar_3842381	DPYSL4	O14531	516	A	T	Likely_benign	0	true
clinvar_2655715	KDM3B	Q7LBC6	383	T	P	Likely_benign	0	true
clinvar_435558	KCNJ11	Q14654	136	R	C	Pathogenic/Likely_pathogenic	1	true
clinvar_382059	RANBP2	P49792	1830	H	R	Likely_benign	0	true
clinvar_3235701	SCN8A	Q9UQD0	149	M	V	Likely_pathogenic	1	true
clinvar_4245726	DYNC1H1	Q14204	1450	L	P	Likely_pathogenic	1	true
clinvar_553250	HEXA	P06865	246	A	T	Pathogenic/Likely_pathogenic	1	true
clinvar_2252716	KIR3DL2	P43630	252	I	M	Likely_benign	0	true
clinvar_1988278	RAI1	Q7Z5J4	1862	E	A	Benign	0	true
clinvar_3235919	NIPBL	Q6KC79	2147	V	G	Likely_pathogenic	1	true
clinvar_1798675	CTRC	Q99895	1	M	T	Likely_pathogenic	1	true
clinvar_4084155	TCEAL2	Q9H3H9	148	Q	H	Conflicting_classifications_of_pathogenicity	0	true
clinvar_1341826	KMT2B	Q9UMN6	1069	S	C	Conflicting_classifications_of_pathogenicity	0	true
clinvar_207535	TCF4	P15884	529	S	L	Conflicting_classifications_of_pathogenicity	0	true
clinvar_728566	CCDC88C	Q9P219	1010	L	F	Likely_benign	0	true
clinvar_402249	CDH23	Q9H251	2735	L	P	Likely_pathogenic	1	true
clinvar_475764	ACD	Q96AP0	308	G	E	Benign/Likely_benign	0	true
clinvar_351242	HARS1	P12081	35	V	M	Conflicting_classifications_of_pathogenicity	0	true
clinvar_866188	BEST1	O76090	96	Q	E	Pathogenic/Likely_pathogenic	1	true
clinvar_215387	WFS1	O76024	412	V	A	Conflicting_classifications_of_pathogenicity	0	true
clinvar_488564	NFU1	Q9UMS0	182	R	W	Pathogenic/Likely_pathogenic	1	true
clinvar_235889	CHD7	Q9P2D1	2319	R	C	Pathogenic	1	true
clinvar_3340419	ATP1A3	P13637	927	C	F	Pathogenic	1	true
clinvar_2202902	PCDH15	Q96QU1	1811	L	P	Conflicting_classifications_of_pathogenicity	0	true
clinvar_477747	MYPN	Q86TC9	722	R	Q	Conflicting_classifications_of_pathogenicity	0	true
clinvar_3611223	PPM1D	O15297	90	R	H	Likely_benign	0	true
clinvar_2922738	SETX	Q7Z333	1033	L	P	Conflicting_classifications_of_pathogenicity	0	true
clinvar_165576	TPRN	Q4KMQ1	686	P	L	Conflicting_classifications_of_pathogenicity	0	true
clinvar_2203375	COL7A1	Q02388	1314	G	R	Pathogenic/Likely_pathogenic	1	true
clinvar_624355	TYRP1	P17643	161	I	F	Conflicting_classifications_of_pathogenicity	1	true
