variant_id	gene	protein_pos	aa_ref	aa_alt	clinical_significance	label	uniprot_id	isoform_validated
clinvar_438089	ABCA4	585	D	G	Pathogenic/Likely_pathogenic	1	P78363	True
clinvar_1214455	TPRN	246	Q	R	Conflicting_classifications_of_pathogenicity	0	Q4KMQ1	True
clinvar_251488	LDLR	285	S	R	Likely_pathogenic	1	P01130	True
clinvar_3794715	SEZ6L	549	R	Q	Likely_benign	0	Q9BYH1	True
clinvar_1499569	C2CD3	474	K	E	Conflicting_classifications_of_pathogenicity	0	Q4AC94	True
clinvar_3310063	PRKDC	1201	R	K	Likely_benign	0	P78527	True
clinvar_3768270	ALPL	75	Q	H	Likely_pathogenic	1	P05186	True
clinvar_2640516	CTNNA3	240	V	A	Conflicting_classifications_of_pathogenicity	0	Q9UI47	True
clinvar_694465	CDC42BPB	870	L	P	Likely_pathogenic	1	Q9Y5S2	True
clinvar_239314	POLD1	953	T	R	Conflicting_classifications_of_pathogenicity	0	P28340	True
clinvar_555603	FANCA	434	R	C	Pathogenic	1	O15360	True
clinvar_210736	CLN8	156	H	R	Conflicting_classifications_of_pathogenicity	1	Q9UBY8	True
clinvar_1510689	ACP5	240	D	N	Pathogenic	1	P13686	True
clinvar_214785	NDUFS1	702	A	T	Likely_pathogenic	1	P28331	True
clinvar_1756655	ANK2	2335	A	T	Conflicting_classifications_of_pathogenicity	0	Q01484	True
clinvar_3254657	COL4A5	119	G	S	Conflicting_classifications_of_pathogenicity	1	P29400	True
clinvar_1299640	SMCHD1	669	D	Y	Likely_pathogenic	1	A6NHR9	True
clinvar_1347453	SDHB	242	C	W	Likely_pathogenic	1	P21912	True
clinvar_8571	NR3C2	817	S	L	Pathogenic	1	P08235	True
clinvar_241461	FA2H	112	R	Q	Conflicting_classifications_of_pathogenicity	0	Q7L5A8	True
clinvar_4063557	ATP7B	766	P	S	Likely_pathogenic	1	P35670	True
clinvar_551460	MMUT	185	M	V	Conflicting_classifications_of_pathogenicity	1	P22033	True
clinvar_544363	TP63	354	D	N	Pathogenic	1	Q9H3D4	True
clinvar_527206	FBN1	638	C	R	Pathogenic	1	P35555	True
clinvar_389464	AHDC1	202	E	Q	Conflicting_classifications_of_pathogenicity	1	Q5TGY3	True
clinvar_1652614	CA5A	262	R	H	Conflicting_classifications_of_pathogenicity	0	P35218	True
clinvar_1067934	FAS	259	D	N	Pathogenic	1	P25445	True
clinvar_2385500	HEYL	309	A	G	Likely_benign	0	Q9NQ87	True
clinvar_253292	SCN8A	1620	L	W	Pathogenic	1	Q9UQD0	True
clinvar_3535052	KLHL18	218	Y	C	Likely_benign	0	O94889	True
clinvar_721309	BCAN	898	A	T	Likely_benign	0	Q96GW7	True
clinvar_2107928	USH2A	748	C	R	Pathogenic	1	O75445	True
clinvar_216319	MSH6	173	R	K	Conflicting_classifications_of_pathogenicity	0	P52701	True
clinvar_3894538	INF2	160	T	P	Likely_pathogenic	1	Q27J81	True
clinvar_1349670	PALB2	1033	N	S	Conflicting_classifications_of_pathogenicity	0	Q86YC2	True
clinvar_237933	PMS2	305	V	E	Conflicting_classifications_of_pathogenicity	1	P54278	True
clinvar_499070	ABCB11	831	R	H	Conflicting_classifications_of_pathogenicity	1	O95342	True
clinvar_2655848	PCDHGA6	736	G	A	Likely_benign	0	Q9Y5G7	True
clinvar_3585961	COL4A3	54	G	R	Likely_pathogenic	1	Q01955	True
clinvar_5113	SGSH	149	R	Q	Pathogenic	1	P51688	True
clinvar_819409	BRCA2	501	K	R	Conflicting_classifications_of_pathogenicity	0	P51587	True
clinvar_207136	SCN8A	1959	R	Q	Conflicting_classifications_of_pathogenicity	0	Q9UQD0	True
clinvar_457240	FBN1	2016	C	R	Pathogenic/Likely_pathogenic	1	P35555	True
clinvar_773377	PIGA	448	S	C	Conflicting_classifications_of_pathogenicity	0	P37287	True
clinvar_973463	TRMU	226	R	T	Pathogenic/Likely_pathogenic	1	O75648	True
clinvar_2661722	PLXNB3	752	Y	H	Likely_benign	0	Q9ULL4	True
clinvar_130705	VLDLR	58	V	I	Benign/Likely_benign	0	P98155	True
clinvar_2197533	PC	1128	A	V	Likely_benign	0	P11498	True
clinvar_334	NF1	1952	L	P	Conflicting_classifications_of_pathogenicity	1	P21359	True
clinvar_66470	GFAP	78	R	G	Pathogenic	1	P14136	True
clinvar_294625	ASPM	1712	R	H	Conflicting_classifications_of_pathogenicity	0	Q8IZT6	True
clinvar_845057	TSC2	1705	R	L	Conflicting_classifications_of_pathogenicity	0	P49815	True
clinvar_4546829	LMF2	596	T	M	Likely_benign	0	Q9BU23	True
clinvar_2056054	ABCA1	673	M	L	Conflicting_classifications_of_pathogenicity	0	O95477	True
clinvar_447489	HNF1A	144	S	F	Pathogenic	1	P20823	True
clinvar_1356234	ICOSLG	228	G	S	Conflicting_classifications_of_pathogenicity	0	O75144	True
clinvar_366565	TOPORS	782	G	R	Conflicting_classifications_of_pathogenicity	0	Q9NS56	True
clinvar_1780893	MSH2	609	H	P	Likely_pathogenic	1	P43246	True
clinvar_796538	CIITA	1010	F	L	Likely_benign	0	P33076	True
clinvar_995947	BRCA2	2602	A	P	Likely_pathogenic	1	P51587	True
clinvar_922524	DSP	2113	N	D	Conflicting_classifications_of_pathogenicity	0	P15924	True
clinvar_2315474	PRR22	218	G	S	Likely_benign	0	Q8IZ63	True
clinvar_3317553	SERPINA5	196	V	M	Likely_benign	0	P05154	True
clinvar_988401	AR	863	L	P	Conflicting_classifications_of_pathogenicity	1	P10275	True
clinvar_2384932	STOX2	883	A	T	Likely_benign	0	Q9P2F5	True
clinvar_4827762	FBN3	2780	M	V	Likely_benign	0	Q75N90	True
clinvar_619014	CSNK2A1	155	D	H	Pathogenic	1	P68400	True
clinvar_376049	PIK3CA	87	R	Q	Pathogenic	1	P42336	True
clinvar_236228	TELO2	259	P	L	Conflicting_classifications_of_pathogenicity	1	Q9Y4R8	True
clinvar_537104	POLD1	5	R	W	Conflicting_classifications_of_pathogenicity	0	P28340	True
clinvar_2505426	FGFR1	336	G	R	Pathogenic	1	P11362	True
clinvar_619064	MCM9	303	N	S	Likely_benign	0	Q9NXL9	True
clinvar_479655	DICER1	1283	G	A	Likely_benign	0	Q9UPY3	True
clinvar_929426	CDKL5	12	F	S	Likely_pathogenic	1	O76039	True
clinvar_3901479	NSD1	1595	C	R	Pathogenic	1	Q96L73	True
clinvar_1902902	ADGRV1	436	R	Q	Conflicting_classifications_of_pathogenicity	0	Q8WXG9	True
clinvar_872484	SLC6A1	216	T	M	Conflicting_classifications_of_pathogenicity	1	P30531	True
clinvar_1699164	FDXR	486	R	C	Conflicting_classifications_of_pathogenicity	0	P22570	True
clinvar_263204	AGRN	257	T	I	Benign/Likely_benign	0	O00468	True
clinvar_290392	CACNA1D	2111	R	C	Conflicting_classifications_of_pathogenicity	0	Q01668	True
clinvar_547301	FBN1	683	C	F	Pathogenic/Likely_pathogenic	1	P35555	True
clinvar_1338641	RPS19	100	R	H	Pathogenic/Likely_pathogenic	1	P39019	True
clinvar_726891	GEMIN4	555	H	R	Benign	0	P57678	True
clinvar_4818221	STAR	156	L	P	Likely_pathogenic	1	P25092	True
clinvar_200189	FBN1	1908	I	T	Pathogenic/Likely_pathogenic	1	P35555	True
clinvar_2935889	IGHMBP2	60	G	E	Likely_pathogenic	1	P38935	True
clinvar_2112541	TMEM67	109	D	V	Likely_pathogenic	1	Q5HYA8	True
clinvar_4280405	CFB	349	K	N	Pathogenic	1	P00751	True
clinvar_3703996	KDM5C	1230	P	L	Conflicting_classifications_of_pathogenicity	0	P41229	True
clinvar_419852	PHEX	732	C	R	Pathogenic	1	P78562	True
clinvar_1759395	TNXB	2511	P	A	Conflicting_classifications_of_pathogenicity	0	P22105	True
clinvar_1315998	HNF1A	593	S	I	Pathogenic	1	P20823	True
clinvar_430454	SPAST	389	M	T	Likely_pathogenic	1	Q9UBP0	True
clinvar_3251466	TGM1	494	F	L	Conflicting_classifications_of_pathogenicity	1	P22735	True
clinvar_99185	ABCA4	99	S	P	Pathogenic/Likely_pathogenic	1	P78363	True
clinvar_3029488	GPC4	193	T	M	Likely_benign	0	O75487	True
clinvar_236037	MYO15A	2402	D	Y	Pathogenic/Likely_pathogenic	1	Q9UKN7	True
clinvar_1515233	SUN2	140	V	M	Conflicting_classifications_of_pathogenicity	0	Q9UH99	True
clinvar_551210	ASL	455	R	Q	Pathogenic/Likely_pathogenic	1	P04424	True
clinvar_97228	OTC	168	P	L	Pathogenic/Likely_pathogenic	1	P00480	True
clinvar_2579690	TBX5	120	W	L	Likely_pathogenic	1	Q99593	True
clinvar_1722756	G6PD	247	G	D	Likely_pathogenic	1	P11413	True
clinvar_3239712	SMN1	269	S	G	Likely_pathogenic	1	Q16637	True
clinvar_1685819	FBN1	1561	C	R	Pathogenic/Likely_pathogenic	1	P35555	True
clinvar_9488	ABCA1	934	N	S	Pathogenic	1	O95477	True
clinvar_2534506	PTPRS	652	G	S	Likely_benign	0	Q13332	True
clinvar_4148474	PWWP2B	88	R	H	Likely_benign	0	Q6NUJ5	True
clinvar_10879	PDHA1	301	R	C	Pathogenic	1	P08559	True
clinvar_1705787	NPC1	1088	E	Q	Likely_pathogenic	1	O15118	True
clinvar_1253265	INSL3	59	T	A	Benign	0	P51460	True
clinvar_648864	KCNQ2	282	K	E	Likely_pathogenic	1	O43526	True
clinvar_1222775	GALM	189	N	Y	Benign	0	Q96C23	True
clinvar_3238962	ZNRF3	295	C	Y	Pathogenic	1	Q9ULT6	True
clinvar_625119	FBN1	1110	C	Y	Pathogenic	1	P35555	True
clinvar_2930156	FLNC	2204	V	M	Likely_benign	0	Q14315	True
clinvar_4015131	DSPP	1016	N	D	Likely_benign	0	Q9NZW4	True
clinvar_1167466	ANKZF1	136	S	T	Benign	0	Q9H8Y5	True
clinvar_3655593	KMT2D	3424	A	T	Benign	0	O14686	True
clinvar_643019	COL5A2	1212	P	L	Conflicting_classifications_of_pathogenicity	0	P05997	True
clinvar_2658445	MTUS1	1104	E	Q	Likely_benign	0	Q9ULD2	True
clinvar_2048339	AKT2	138	A	V	Likely_benign	0	P31751	True
clinvar_1518588	HOGA1	244	V	F	Pathogenic/Likely_pathogenic	1	Q86XE5	True
clinvar_2576974	SYNJ1	799	R	C	Likely_pathogenic	1	O43426	True
clinvar_2202940	USH2A	4268	P	H	Conflicting_classifications_of_pathogenicity	1	O75445	True
clinvar_4128899	ORC5	110	T	A	Likely_benign	0	O43913	True
clinvar_2646755	HYDIN	2183	P	L	Likely_benign	0	Q4G0P3	True
clinvar_1313622	FBN2	2558	P	L	Conflicting_classifications_of_pathogenicity	0	P35556	True
clinvar_2433277	L1CAM	864	H	Y	Conflicting_classifications_of_pathogenicity	0	P32004	True
clinvar_4382538	GOLGA3	898	A	V	Likely_benign	0	Q08378	True
clinvar_3306079	PHC2	257	G	S	Likely_benign	0	Q8IXK0	True
clinvar_403835	MEN1	408	C	Y	Conflicting_classifications_of_pathogenicity	0	O00255	True
clinvar_801075	BRCA1	1464	I	V	Conflicting_classifications_of_pathogenicity	0	P38398	True
clinvar_306802	GNPTAB	967	E	D	Conflicting_classifications_of_pathogenicity	0	Q3T906	True
clinvar_2071489	ZHX3	252	A	T	Conflicting_classifications_of_pathogenicity	0	Q9H4I2	True
clinvar_520232	FBN1	2632	C	R	Pathogenic/Likely_pathogenic	1	P35555	True
clinvar_235409	CNGB1	951	V	M	Benign/Likely_benign	0	Q14028	True
clinvar_1170042	CRB2	889	G	R	Benign/Likely_benign	0	Q5IJ48	True
clinvar_978637	GLDN	342	G	S	Likely_pathogenic	1	Q6ZMI3	True
clinvar_594332	ABCB11	232	L	S	Conflicting_classifications_of_pathogenicity	1	O95342	True
clinvar_2132509	ACVRL1	50	C	S	Likely_pathogenic	1	P37023	True
clinvar_2367570	OR13C5	236	P	A	Likely_benign	0	Q8NGS8	True
clinvar_3431246	RBM20	1012	S	C	Likely_benign	0	Q5T481	True
clinvar_3875818	MUC5B	3625	P	S	Likely_benign	0	Q9HC84	True
clinvar_3276987	F5	1813	S	N	Likely_benign	0	P12259	True
clinvar_3384109	SLC26A4	383	E	Q	Pathogenic/Likely_pathogenic	1	O43511	True
clinvar_3373126	MAPK1	118	Q	H	Likely_pathogenic	1	P28482	True
clinvar_490123	RAD51C	109	I	S	Conflicting_classifications_of_pathogenicity	0	O43502	True
clinvar_3767221	NDUFV1	114	V	E	Likely_pathogenic	1	P49821	True
clinvar_657146	MTHFR	337	M	T	Pathogenic/Likely_pathogenic	1	P42898	True
clinvar_1176079	CIC	1560	A	P	Conflicting_classifications_of_pathogenicity	0	Q96RK0	True
clinvar_915416	SUMF1	130	V	G	Conflicting_classifications_of_pathogenicity	1	Q8NBK3	True
clinvar_2518773	UMODL1	1083	Q	R	Likely_benign	0	Q5DID0	True
clinvar_135095	PTCH1	740	A	V	Benign/Likely_benign	0	Q13635	True
clinvar_939451	DMD	2025	K	E	Conflicting_classifications_of_pathogenicity	0	P11532	True
clinvar_215052	RARS2	213	A	V	Conflicting_classifications_of_pathogenicity	0	Q5T160	True
clinvar_1330343	ITGA2B	723	M	I	Likely_pathogenic	1	P08514	True
clinvar_3510098	ERICH1	338	S	G	Likely_benign	0	Q86X53	True
clinvar_805194	PKD1	3173	H	P	Conflicting_classifications_of_pathogenicity	1	P98161	True
clinvar_11416	FOXP3	323	F	L	Conflicting_classifications_of_pathogenicity	1	Q9BZS1	True
clinvar_3071879	LDLR	655	H	Y	Conflicting_classifications_of_pathogenicity	1	P01130	True
clinvar_251622	LDLR	351	C	W	Pathogenic/Likely_pathogenic	1	P01130	True
clinvar_158553	EBP	210	L	R	Likely_pathogenic	1	Q15125	True
clinvar_14102	MYH7	402	R	W	Pathogenic	1	P12883	True
clinvar_4606789	ZC3H13	1114	V	A	Likely_benign	0	Q5T200	True
clinvar_578268	TRPM4	285	T	A	Conflicting_classifications_of_pathogenicity	0	Q8TD43	True
clinvar_4158557	S100A16	87	G	S	Likely_benign	0	Q96FQ6	True
clinvar_2661877	CLIC2	213	R	H	Conflicting_classifications_of_pathogenicity	0	O15247	True
clinvar_179668	DSP	1496	R	Q	Conflicting_classifications_of_pathogenicity	0	P15924	True
clinvar_522002	ITPR1	243	H	P	Likely_pathogenic	1	Q14643	True
clinvar_3696378	SETD2	2335	I	V	Conflicting_classifications_of_pathogenicity	0	Q9BYW2	True
clinvar_459212	GLI3	1274	G	R	Conflicting_classifications_of_pathogenicity	0	P10071	True
clinvar_2030048	GJB1	61	S	R	Pathogenic	1	P08034	True
clinvar_21026	PSEN1	391	L	P	Pathogenic	1	P49768	True
clinvar_839452	NEDD4L	19	R	C	Benign/Likely_benign	0	Q96PU5	True
clinvar_4154060	ABHD10	174	V	I	Likely_benign	0	Q9NUJ1	True
clinvar_4251715	EVX2	147	G	S	Likely_benign	0	Q03828	True
clinvar_4090009	KBTBD6	141	E	Q	Likely_benign	0	Q86V97	True
clinvar_2677397	OCA2	449	T	K	Pathogenic/Likely_pathogenic	1	Q04671	True
clinvar_3253660	GJA8	100	R	L	Conflicting_classifications_of_pathogenicity	1	P48165	True
clinvar_192235	DRAM2	26	Y	H	Pathogenic	1	Q6UX65	True
clinvar_4533916	ARID2	1288	H	R	Likely_benign	0	Q68CP9	True
clinvar_183298	C19orf12	41	G	R	Conflicting_classifications_of_pathogenicity	1	Q9NSK7	True
clinvar_3913718	MSH6	69	K	N	Likely_benign	0	P52701	True
clinvar_159878	SETBP1	1376	V	L	Benign	0	Q9Y6X0	True
clinvar_4292886	NSD1	1725	P	L	Likely_pathogenic	1	Q96L73	True
clinvar_1040041	VPS45	385	R	H	Conflicting_classifications_of_pathogenicity	1	Q9NRW7	True
clinvar_3839221	DEAF1	255	I	T	Likely_pathogenic	1	O75398	True
clinvar_3605982	MYH9	17	N	S	Conflicting_classifications_of_pathogenicity	0	P35579	True
clinvar_517063	TTN	4016	L	V	Likely_benign	0	Q8WZ42	True
clinvar_870621	RYR1	1571	M	T	Likely_pathogenic	1	P21817	True
clinvar_2160690	SPECC1L	223	E	G	Likely_benign	0	Q69YQ0	True
clinvar_1762638	BRCA2	2751	I	V	Benign	0	P51587	True
clinvar_1472021	FBN1	1220	C	S	Pathogenic	1	P35555	True
clinvar_3765562	GRIK2	190	A	S	Likely_pathogenic	1	Q13002	True
clinvar_433794	BRCA2	1804	N	D	Likely_benign	0	P51587	True
clinvar_1523103	LAMP2	0	M	L	Pathogenic	1	P13473	True
clinvar_1148518	SCN7A	1644	D	Y	Likely_benign	0	Q01118	True
clinvar_569745	ALDH7A1	328	R	S	Likely_pathogenic	1	P49419	True
clinvar_485334	BLM	398	E	K	Conflicting_classifications_of_pathogenicity	0	P54132	True
clinvar_373992	CNTNAP2	178	Y	C	Likely_benign	0	Q9UHC6	True
clinvar_1439250	ZBTB20	59	A	T	Likely_benign	0	Q9HC78	True
clinvar_2229652	TBL1X	178	S	P	Likely_benign	0	O60907	True
clinvar_551805	SGCB	88	V	M	Likely_pathogenic	1	Q16585	True
clinvar_36079	FBN1	1561	C	S	Likely_pathogenic	1	P35555	True
clinvar_230249	BRCA1	1011	R	K	Conflicting_classifications_of_pathogenicity	0	P38398	True
clinvar_44739	GJB2	113	E	G	Benign/Likely_benign	0	P29033	True
clinvar_101371	COL3A1	1118	G	D	Likely_pathogenic	1	P02461	True
clinvar_1464790	SH3TC2	147	C	G	Likely_benign	0	Q8TF17	True
clinvar_2003709	COL3A1	596	G	S	Likely_pathogenic	1	P02461	True
clinvar_2897271	NOTCH1	2437	P	S	Likely_benign	0	P46531	True
clinvar_238933	DNAH11	2755	C	R	Benign	0	Q96DT5	True
clinvar_2729045	DNAH11	4084	C	W	Conflicting_classifications_of_pathogenicity	0	Q96DT5	True
clinvar_703012	ANOS1	25	G	R	Conflicting_classifications_of_pathogenicity	0	P23352	True
clinvar_4090069	KCNA2	410	S	Y	Conflicting_classifications_of_pathogenicity	1	P16389	True
clinvar_581439	MFN2	90	V	L	Conflicting_classifications_of_pathogenicity	1	O95140	True
clinvar_214853	NDUFV1	356	M	T	Conflicting_classifications_of_pathogenicity	1	P49821	True
clinvar_2572833	TBL1XR1	241	T	P	Pathogenic	1	Q9BZK7	True
clinvar_3513517	FBN1	533	C	R	Likely_pathogenic	1	P35555	True
clinvar_66690	NEFL	89	E	K	Pathogenic	1	P07196	True
clinvar_1396046	NAA10	98	I	L	Conflicting_classifications_of_pathogenicity	1	P41227	True
clinvar_3380347	CFHR1	204	T	M	Likely_benign	0	Q03591	True
clinvar_1071939	SCN1A	270	G	V	Pathogenic/Likely_pathogenic	1	P35498	True
clinvar_1959360	GBE1	142	K	N	Conflicting_classifications_of_pathogenicity	1	Q04446	True
clinvar_40559	PTPN11	502	G	R	Pathogenic	1	Q06124	True
clinvar_1296993	MTOR	1489	W	R	Likely_pathogenic	1	P42345	True
clinvar_637215	GJB1	29	I	T	Pathogenic	1	P08034	True
clinvar_871051	NMNAT1	211	V	M	Conflicting_classifications_of_pathogenicity	1	Q9HAN9	True
clinvar_365650	DBH	289	D	N	Benign	0	P09172	True
clinvar_1474975	NAGS	508	R	Q	Conflicting_classifications_of_pathogenicity	1	Q8N159	True
clinvar_3195571	ZNF407	32	G	S	Conflicting_classifications_of_pathogenicity	0	Q9C0G0	True
clinvar_940378	RS1	108	G	R	Pathogenic	1	O15537	True
clinvar_3544432	BBS12	122	C	R	Likely_pathogenic	1	Q6ZW61	True
clinvar_2001011	COL4A1	974	G	R	Pathogenic	1	P02462	True
clinvar_98983	RS1	177	G	D	Pathogenic	1	O15537	True
clinvar_1343617	KAT6A	896	E	Q	Conflicting_classifications_of_pathogenicity	0	Q92794	True
clinvar_425149	RAC3	61	E	K	Pathogenic	1	P60763	True
clinvar_932011	SEC23B	238	D	G	Conflicting_classifications_of_pathogenicity	1	Q15437	True
clinvar_3061850	MAP2K2	134	G	V	Conflicting_classifications_of_pathogenicity	1	P36507	True
clinvar_1251996	ATP1A3	802	G	S	Pathogenic	1	P13637	True
clinvar_846942	PALB2	161	C	S	Conflicting_classifications_of_pathogenicity	0	Q86YC2	True
clinvar_667414	TECTA	1897	C	R	Conflicting_classifications_of_pathogenicity	1	O75443	True
clinvar_3707326	ACSF3	489	E	V	Likely_pathogenic	1	Q4G176	True
clinvar_2786465	KMT2D	1559	V	M	Benign/Likely_benign	0	O14686	True
clinvar_2658239	KMT2C	641	Q	R	Likely_benign	0	Q8NEZ4	True
clinvar_444714	DNAH11	0	M	R	Likely_pathogenic	1	Q96DT5	True
clinvar_3442811	SLC16A7	379	I	V	Likely_benign	0	O60669	True
clinvar_475069	POT1	65	Y	C	Conflicting_classifications_of_pathogenicity	0	Q9NUX5	True
clinvar_3769307	GAA	519	N	K	Likely_pathogenic	1	P10253	True
clinvar_3376581	COL7A1	2681	K	R	Pathogenic	1	Q02388	True
clinvar_1327560	PAH	325	W	S	Likely_pathogenic	1	P00439	True
clinvar_4165198	SIGLEC11	184	K	E	Likely_benign	0	Q96RL6	True
clinvar_2573115	KLK2	249	R	W	Benign	0	P20151	True
clinvar_3410300	OR10H4	2	S	G	Likely_benign	0	Q8NGA5	True
clinvar_4738420	KMT2D	570	R	C	Benign	0	O14686	True
clinvar_803562	RPS19	71	V	F	Conflicting_classifications_of_pathogenicity	1	P39019	True
clinvar_3982633	XBP1	143	A	T	Likely_benign	0	P17861	True
clinvar_2498161	TYR	32	K	E	Conflicting_classifications_of_pathogenicity	1	P14679	True
clinvar_102528	PAH	371	T	S	Likely_pathogenic	1	P00439	True
clinvar_774975	DOCK11	865	Q	R	Benign	0	Q5JSL3	True
clinvar_4532784	ATRX	188	H	Q	Pathogenic	1	P46100	True
clinvar_2716754	ALX1	118	L	R	Likely_benign	0	Q15699	True
clinvar_2785367	FAM111A	270	R	K	Benign	0	Q96PZ2	True
clinvar_2397704	PKD2	680	N	S	Conflicting_classifications_of_pathogenicity	0	Q13563	True
clinvar_1443520	COL4A5	229	G	D	Pathogenic	1	P29400	True
clinvar_801605	CACNA1S	577	M	I	Likely_pathogenic	1	Q13698	True
clinvar_227240	CEACAM16	416	V	L	Benign/Likely_benign	0	Q2WEN9	True
clinvar_496938	COL5A2	328	M	V	Conflicting_classifications_of_pathogenicity	0	P05997	True
clinvar_1403674	OCA2	792	C	Y	Pathogenic/Likely_pathogenic	1	Q04671	True
clinvar_25411	SLC22A5	397	P	L	Pathogenic/Likely_pathogenic	1	O76082	True
clinvar_768838	SREBF1	416	V	M	Benign	0	P36956	True
clinvar_3295860	MRGPRX1	29	L	F	Likely_benign	0	Q96LB2	True
clinvar_1676626	COL7A1	2024	G	S	Pathogenic	1	Q02388	True
clinvar_3891320	IDS	197	D	A	Likely_pathogenic	1	P22304	True
clinvar_472987	HARS1	375	K	R	Benign	0	P12081	True
clinvar_2310980	MED13	981	T	A	Likely_benign	0	Q9UHV7	True
clinvar_2692299	ABCA4	2151	G	S	Likely_pathogenic	1	P78363	True
clinvar_2156615	ABCD1	123	R	H	Conflicting_classifications_of_pathogenicity	0	P33897	True
clinvar_3281404	GIN1	341	L	F	Likely_benign	0	Q9NXP7	True
clinvar_41829	BRCA1	1634	E	K	Conflicting_classifications_of_pathogenicity	0	P38398	True
clinvar_1199226	BCL11A	558	S	G	Conflicting_classifications_of_pathogenicity	1	Q9H165	True
clinvar_3599785	HBB	53	A	T	Likely_pathogenic	1	P68871	True
clinvar_2827362	CDK13	206	G	V	Benign	0	Q14004	True
clinvar_246183	FIG4	168	Y	S	Conflicting_classifications_of_pathogenicity	1	Q92562	True
clinvar_628813	KCNQ1	458	D	N	Conflicting_classifications_of_pathogenicity	0	P51787	True
clinvar_4838071	SCLT1	141	Q	E	Likely_benign	0	Q96NL6	True
clinvar_2396328	FAM83E	317	R	C	Likely_benign	0	Q2M2I3	True
clinvar_413921	PHOX2B	23	S	P	Benign/Likely_benign	0	Q99453	True
clinvar_958512	GARS1	333	I	T	Pathogenic/Likely_pathogenic	1	P41250	True
clinvar_2125980	COL2A1	0	M	L	Pathogenic	1	P02458	True
clinvar_258947	SPTA1	1835	N	S	Benign	0	P02549	True
clinvar_217334	GJA3	86	T	M	Likely_pathogenic	1	Q9Y6H8	True
clinvar_548007	GBE1	497	E	K	Conflicting_classifications_of_pathogenicity	1	Q04446	True
clinvar_1804153	GABBR1	367	E	D	Likely_pathogenic	1	Q9UBS5	True
clinvar_452700	NOTCH1	1113	R	H	Conflicting_classifications_of_pathogenicity	0	P46531	True
clinvar_953601	AKAP9	901	L	V	Conflicting_classifications_of_pathogenicity	0	Q99996	True
clinvar_694479	USP53	292	G	V	Likely_pathogenic	1	Q70EK8	True
clinvar_727505	COMT	101	A	T	Benign	0	P21964	True
clinvar_1682597	SEPTIN9	128	R	W	Conflicting_classifications_of_pathogenicity	0	Q9UHD8	True
clinvar_3302693	OR2G6	133	A	V	Likely_benign	0	Q5TZ20	True
clinvar_805469	SLC12A3	886	R	Q	Pathogenic/Likely_pathogenic	1	P55017	True
clinvar_974499	PKD1	2233	V	E	Likely_pathogenic	1	P98161	True
clinvar_4746214	FKRP	461	P	R	Likely_pathogenic	1	Q9H9S5	True
clinvar_533568	FLNA	537	Y	C	Conflicting_classifications_of_pathogenicity	0	P21333	True
clinvar_1953682	LAMA5	1839	D	N	Conflicting_classifications_of_pathogenicity	0	O15230	True
clinvar_2672710	RECQL5	686	R	P	Benign	0	O94762	True
clinvar_1905649	NLRP1	882	K	R	Conflicting_classifications_of_pathogenicity	0	Q9C000	True
clinvar_549761	BRCA1	338	K	R	Conflicting_classifications_of_pathogenicity	0	P38398	True
clinvar_782398	FMO1	372	K	R	Benign	0	Q01740	True
clinvar_837104	CHD7	350	V	I	Likely_benign	0	Q9P2D1	True
clinvar_2098880	CLCN7	583	M	V	Conflicting_classifications_of_pathogenicity	1	P51798	True
clinvar_630086	BRCA2	1326	A	S	Conflicting_classifications_of_pathogenicity	0	P51587	True
clinvar_802884	GNPTAB	1151	D	E	Likely_pathogenic	1	Q3T906	True
clinvar_2019337	STXBP1	0	M	R	Pathogenic/Likely_pathogenic	1	P61764	True
clinvar_2952527	FBN1	1248	C	G	Pathogenic	1	P35555	True
clinvar_143827	CDKL5	195	S	L	Pathogenic/Likely_pathogenic	1	O76039	True
clinvar_241246	FANCL	371	G	A	Likely_benign	0	Q9NW38	True
clinvar_3255486	SERPING1	192	L	P	Pathogenic	1	P05155	True
clinvar_3025636	CDH11	690	I	M	Likely_benign	0	P55287	True
clinvar_229298	TECTA	1105	G	D	Conflicting_classifications_of_pathogenicity	0	O75443	True
clinvar_412126	DICER1	981	N	K	Conflicting_classifications_of_pathogenicity	0	Q9UPY3	True
clinvar_779657	ABCG5	516	T	S	Benign/Likely_benign	0	Q9H222	True
clinvar_1048245	GALNS	493	M	V	Conflicting_classifications_of_pathogenicity	1	P34059	True
clinvar_375721	HUWE1	4105	Y	C	Likely_pathogenic	1	Q7Z6Z7	True
clinvar_1404789	SLC45A2	88	G	R	Likely_pathogenic	1	Q9UMX9	True
clinvar_3290999	LMTK2	1243	D	E	Likely_benign	0	Q8IWU2	True
clinvar_232813	BRCA1	797	P	L	Conflicting_classifications_of_pathogenicity	0	P38398	True
clinvar_285260	SGCB	115	M	V	Conflicting_classifications_of_pathogenicity	1	Q16585	True
clinvar_1804059	SOX11	48	I	S	Likely_pathogenic	1	P35716	True
clinvar_1806944	TARDBP	294	G	R	Conflicting_classifications_of_pathogenicity	1	Q13148	True
clinvar_1801970	THOC2	929	R	C	Likely_pathogenic	1	Q8NI27	True
clinvar_691322	COL1A1	1060	G	A	Likely_pathogenic	1	P02452	True
clinvar_526731	NTRK1	213	R	W	Conflicting_classifications_of_pathogenicity	0	P04629	True
clinvar_981033	MTHFR	158	D	G	Likely_pathogenic	1	P42898	True
clinvar_1338436	RPS19	100	R	P	Likely_pathogenic	1	P39019	True
clinvar_141584	BRCA2	2626	I	V	Conflicting_classifications_of_pathogenicity	0	P51587	True
clinvar_289541	PEX5	201	V	L	Conflicting_classifications_of_pathogenicity	0	P50542	True
clinvar_1448424	AKAP9	1926	Y	H	Conflicting_classifications_of_pathogenicity	0	Q99996	True
clinvar_3265746	CELSR1	1344	N	T	Likely_benign	0	Q9NYQ6	True
clinvar_1983490	KMT2B	1878	G	V	Conflicting_classifications_of_pathogenicity	0	Q9UMN6	True
clinvar_3340582	GNAO1	73	Y	D	Pathogenic	1	P09471	True
clinvar_4383843	DDX11	521	R	Q	Likely_benign	0	Q96FC9	True
clinvar_404094	HCN1	650	S	W	Likely_benign	0	O60741	True
clinvar_12679	TIMP3	188	G	C	Likely_pathogenic	1	P35625	True
clinvar_769061	ZNF587	315	L	R	Benign	0	Q96SQ5	True
clinvar_9102	ABCC8	131	F	L	Pathogenic/Likely_pathogenic	1	Q09428	True
clinvar_42078	BLM	1054	C	S	Pathogenic/Likely_pathogenic	1	P54132	True
clinvar_627361	RASGRP2	234	L	P	Likely_pathogenic	1	Q7LDG7	True
clinvar_2636939	LDLR	607	P	H	Pathogenic/Likely_pathogenic	1	P01130	True
clinvar_412	RNASET2	183	C	R	Pathogenic	1	O00584	True
clinvar_158533	EBP	67	W	C	Pathogenic/Likely_pathogenic	1	Q15125	True
clinvar_193859	SCN9A	518	E	K	Conflicting_classifications_of_pathogenicity	0	Q15858	True
clinvar_2489131	HPSE	10	P	L	Likely_benign	0	Q9Y251	True
clinvar_3585933	COL4A4	186	G	V	Likely_pathogenic	1	P53420	True
clinvar_711978	TAAR1	22	R	C	Benign	0	Q96RJ0	True
clinvar_182033	BARD1	453	P	A	Conflicting_classifications_of_pathogenicity	0	Q99728	True
clinvar_725287	ADAMTS18	1052	R	W	Conflicting_classifications_of_pathogenicity	0	Q8TE60	True
clinvar_547446	KMT2D	2483	L	P	Likely_benign	0	O14686	True
clinvar_2525729	MFGE8	112	M	I	Likely_benign	0	Q08431	True
clinvar_3065273	COMP	528	T	N	Likely_pathogenic	1	P49747	True
clinvar_1471003	ADGRV1	2209	T	R	Likely_benign	0	Q8WXG9	True
clinvar_881647	LRRK2	954	S	L	Likely_benign	0	Q5S007	True
clinvar_251385	LDLR	225	S	C	Likely_pathogenic	1	P01130	True
clinvar_525394	CCDC39	537	L	V	Conflicting_classifications_of_pathogenicity	0	Q9UFE4	True
clinvar_4234587	CRYBB1	35	G	S	Likely_benign	0	P53674	True
clinvar_549957	COL4A4	1327	G	A	Likely_pathogenic	1	P53420	True
clinvar_2499486	WFS1	542	L	F	Likely_pathogenic	1	O76024	True
clinvar_537708	CPLANE1	77	G	V	Pathogenic	1	Q9H799	True
clinvar_1496488	SGCA	157	L	F	Likely_pathogenic	1	Q16586	True
clinvar_1070571	RYR2	4089	P	L	Pathogenic	1	Q92736	True
clinvar_2447883	TSC1	219	V	D	Likely_pathogenic	1	Q92574	True
clinvar_135976	MET	237	L	S	Conflicting_classifications_of_pathogenicity	0	P08581	True
clinvar_4547657	LRRC18	218	D	E	Likely_benign	0	Q8N456	True
clinvar_1804017	NPRL2	77	R	C	Conflicting_classifications_of_pathogenicity	1	Q8WTW4	True
clinvar_942959	SDHA	11	S	G	Conflicting_classifications_of_pathogenicity	0	P31040	True
clinvar_1502533	COL4A5	1169	G	C	Pathogenic/Likely_pathogenic	1	P29400	True
clinvar_3069170	ATP6V1C1	288	E	K	Pathogenic	1	P21283	True
clinvar_2734636	IDUA	178	T	K	Likely_pathogenic	1	P35475	True
clinvar_1414351	SLC1A2	35	R	H	Conflicting_classifications_of_pathogenicity	0	P43004	True
clinvar_1334403	ATP2B1	979	V	L	Likely_pathogenic	1	P20020	True
clinvar_166914	CNTNAP2	1198	A	S	Conflicting_classifications_of_pathogenicity	0	Q9UHC6	True
clinvar_3431731	RDM1	63	V	I	Likely_benign	0	Q8NG50	True
clinvar_2068303	ALMS1	573	S	F	Conflicting_classifications_of_pathogenicity	0	Q8TCU4	True
clinvar_2506413	ITGA2B	70	P	R	Likely_pathogenic	1	P08514	True
clinvar_43564	SLC26A4	232	V	L	Conflicting_classifications_of_pathogenicity	1	O43511	True
clinvar_3870431	MAPK15	409	V	I	Likely_benign	0	Q8TD08	True
clinvar_392722	SLC52A3	407	G	D	Conflicting_classifications_of_pathogenicity	1	Q9NQ40	True
clinvar_4845385	DNM1	43	K	R	Likely_pathogenic	1	Q05193	True
clinvar_431947	ABCA4	1775	P	L	Pathogenic/Likely_pathogenic	1	P78363	True
clinvar_1496810	LRRC56	128	A	T	Conflicting_classifications_of_pathogenicity	0	Q8IYG6	True
clinvar_15794	HBA1	30	E	K	Conflicting_classifications_of_pathogenicity	0	P69905	True
clinvar_12108	C7	378	G	R	Conflicting_classifications_of_pathogenicity	1	P10643	True
clinvar_577106	MEGF10	106	P	S	Conflicting_classifications_of_pathogenicity	1	Q96KG7	True
clinvar_3068521	IGF1R	1192	S	L	Conflicting_classifications_of_pathogenicity	1	P08069	True
clinvar_1037668	NMNAT1	182	L	F	Conflicting_classifications_of_pathogenicity	1	Q9HAN9	True
clinvar_2138033	G6PC1	187	G	D	Conflicting_classifications_of_pathogenicity	1	P35575	True
clinvar_447971	PKD1	465	V	M	Conflicting_classifications_of_pathogenicity	1	P98161	True
clinvar_694734	DNM2	603	E	K	Conflicting_classifications_of_pathogenicity	1	P50570	True
clinvar_2326782	MGME1	233	I	V	Likely_benign	0	Q9BQP7	True
clinvar_164726	MYO7A	2204	M	I	Conflicting_classifications_of_pathogenicity	0	Q13402	True
clinvar_181944	ATM	25	E	Q	Likely_benign	0	Q13315	True
clinvar_3437627	SBNO2	61	A	T	Likely_benign	0	Q9Y2G9	True
clinvar_142283	STK11	389	V	M	Conflicting_classifications_of_pathogenicity	0	Q15831	True
clinvar_3160594	SETD1A	1388	L	V	Likely_benign	0	O15047	True
clinvar_529315	COL3A1	317	G	D	Pathogenic/Likely_pathogenic	1	P02461	True
clinvar_2138678	PLP1	224	L	P	Conflicting_classifications_of_pathogenicity	1	P60201	True
clinvar_973301	MED13L	331	E	G	Likely_pathogenic	1	Q71F56	True
clinvar_3898744	TGFBR1	473	C	W	Likely_pathogenic	1	P36897	True
clinvar_2517424	PZP	491	H	Y	Likely_benign	0	P20742	True
clinvar_433187	COL4A5	140	G	S	Likely_pathogenic	1	P29400	True
clinvar_738572	FOCAD	1378	P	S	Likely_benign	0	Q5VW36	True
clinvar_803543	JAK3	402	R	H	Pathogenic/Likely_pathogenic	1	P52333	True
clinvar_3024812	GRIA2	267	S	A	Benign	0	P42262	True
clinvar_2644938	OR4M2	149	R	S	Likely_benign	0	Q8NGB6	True
clinvar_2683883	KIF5A	798	K	R	Likely_pathogenic	1	Q12840	True
clinvar_1505055	LAMA2	2888	G	E	Likely_pathogenic	1	P24043	True
clinvar_934477	RYR2	629	H	N	Conflicting_classifications_of_pathogenicity	0	Q92736	True
clinvar_1270887	VPS13C	2481	R	H	Benign	0	Q709C8	True
clinvar_138445	NDUFA2	13	L	V	Conflicting_classifications_of_pathogenicity	0	O43678	True
clinvar_405263	KCNQ1	282	A	P	Likely_pathogenic	1	P51787	True
clinvar_4705094	ABCD1	193	D	E	Pathogenic	1	P33897	True
clinvar_1335824	TMPRSS3	247	T	M	Pathogenic/Likely_pathogenic	1	P57727	True
clinvar_203671	DLD	289	D	G	Conflicting_classifications_of_pathogenicity	0	P09622	True
clinvar_1488779	PKHD1	2808	G	E	Likely_pathogenic	1	P08F94	True
clinvar_987057	SURF1	106	A	S	Pathogenic	1	Q15526	True
clinvar_826630	HOXB13	22	G	R	Conflicting_classifications_of_pathogenicity	0	Q92826	True
clinvar_1320625	NALCN	1019	V	I	Pathogenic/Likely_pathogenic	1	Q8IZF0	True
clinvar_788278	PALM2AKAP2	630	P	T	Conflicting_classifications_of_pathogenicity	0	Q9Y2D5	True
clinvar_126203	BRCA2	3075	G	V	Pathogenic	1	P51587	True
clinvar_2174451	SACS	3752	R	K	Likely_benign	0	Q9NZJ4	True
clinvar_2675194	AGXT	172	C	R	Conflicting_classifications_of_pathogenicity	1	P21549	True
clinvar_1527883	ATP1A3	895	W	R	Likely_pathogenic	1	P13637	True
clinvar_870987	KMT2D	2840	P	T	Conflicting_classifications_of_pathogenicity	0	O14686	True
clinvar_4610818	ZNF584	204	R	Q	Likely_benign	0	Q8IVC4	True
clinvar_795138	CCDC168	1413	L	F	Benign	0	Q8NDH2	True
clinvar_1416548	ALPK3	1454	S	R	Conflicting_classifications_of_pathogenicity	0	Q96L96	True
clinvar_3108223	IFNA10	93	E	K	Likely_benign	0	P01566	True
clinvar_411975	VHL	8	D	E	Conflicting_classifications_of_pathogenicity	0	P40337	True
clinvar_3390145	PRKCG	117	G	R	Likely_pathogenic	1	P05129	True
clinvar_4590013	ATF6	105	R	Q	Likely_benign	0	P18850	True
clinvar_376774	CCDC88C	1298	R	C	Conflicting_classifications_of_pathogenicity	0	Q9P219	True
clinvar_3580840	RPGRIP1L	726	G	S	Likely_pathogenic	1	Q68CZ1	True
clinvar_803492	MYO5B	205	I	T	Conflicting_classifications_of_pathogenicity	1	Q9ULV0	True
clinvar_3343912	IRF2BPL	465	H	D	Pathogenic	1	Q9H1B7	True
clinvar_1163753	SOD1	137	T	I	Pathogenic/Likely_pathogenic	1	P00441	True
clinvar_807574	COL4A5	634	G	V	Pathogenic	1	P29400	True
clinvar_578843	SH3TC2	996	R	W	Conflicting_classifications_of_pathogenicity	0	Q8TF17	True
clinvar_3172512	SWT1	71	G	E	Likely_benign	0	Q5T5J6	True
clinvar_1722603	G6PD	335	T	A	Likely_pathogenic	1	P11413	True
clinvar_737834	CUL7	982	R	H	Likely_benign	0	Q14999	True
clinvar_2395251	COX5A	73	I	M	Likely_benign	0	P20674	True
clinvar_1202065	AFF2	1226	N	H	Conflicting_classifications_of_pathogenicity	0	P51816	True
clinvar_1683603	COL1A2	447	G	E	Likely_pathogenic	1	P08123	True
clinvar_403597	USB1	249	Q	E	Benign/Likely_benign	0	Q9BQ65	True
clinvar_298689	COL17A1	1344	G	R	Benign/Likely_benign	0	Q9UMD9	True
clinvar_231059	ATM	2540	L	R	Conflicting_classifications_of_pathogenicity	1	Q13315	True
clinvar_830057	CPT2	254	D	G	Conflicting_classifications_of_pathogenicity	1	P23786	True
clinvar_2212469	RAD54B	846	V	I	Likely_benign	0	Q9Y620	True
clinvar_2321056	ANKZF1	24	V	I	Conflicting_classifications_of_pathogenicity	0	Q9H8Y5	True
clinvar_4102	TMC1	571	D	N	Pathogenic/Likely_pathogenic	1	Q8TDI8	True
clinvar_190489	AKAP9	2324	R	K	Likely_benign	0	Q99996	True
clinvar_962310	EGFR	729	L	R	Conflicting_classifications_of_pathogenicity	0	P00533	True
clinvar_201748	DMD	1312	M	V	Conflicting_classifications_of_pathogenicity	0	P11532	True
clinvar_410870	DNAH11	3721	L	P	Likely_pathogenic	1	Q96DT5	True
clinvar_216496	MET	36	V	L	Conflicting_classifications_of_pathogenicity	0	P08581	True
clinvar_438520	PHEX	587	N	S	Pathogenic	1	P78562	True
clinvar_1368927	MYBPC3	407	S	N	Conflicting_classifications_of_pathogenicity	1	Q14896	True
clinvar_251582	LDLR	325	S	F	Likely_pathogenic	1	P01130	True
clinvar_206529	POLG	852	R	Q	Pathogenic/Likely_pathogenic	1	P54098	True
clinvar_24945	RET	832	R	C	Conflicting_classifications_of_pathogenicity	0	P07949	True
clinvar_482497	APC	101	S	P	Conflicting_classifications_of_pathogenicity	0	P25054	True
clinvar_3842381	DPYSL4	515	A	T	Likely_benign	0	O14531	True
clinvar_2655715	KDM3B	382	T	P	Likely_benign	0	Q7LBC6	True
clinvar_435558	KCNJ11	135	R	C	Pathogenic/Likely_pathogenic	1	Q14654	True
clinvar_382059	RANBP2	1829	H	R	Likely_benign	0	P49792	True
clinvar_3235701	SCN8A	148	M	V	Likely_pathogenic	1	Q9UQD0	True
clinvar_4245726	DYNC1H1	1449	L	P	Likely_pathogenic	1	Q14204	True
clinvar_553250	HEXA	245	A	T	Pathogenic/Likely_pathogenic	1	P06865	True
clinvar_2252716	KIR3DL2	251	I	M	Likely_benign	0	P43630	True
clinvar_1988278	RAI1	1861	E	A	Benign	0	Q7Z5J4	True
clinvar_3235919	NIPBL	2146	V	G	Likely_pathogenic	1	Q6KC79	True
clinvar_1798675	CTRC	0	M	T	Likely_pathogenic	1	Q99895	True
clinvar_4084155	TCEAL2	147	Q	H	Conflicting_classifications_of_pathogenicity	0	Q9H3H9	True
clinvar_1341826	KMT2B	1068	S	C	Conflicting_classifications_of_pathogenicity	0	Q9UMN6	True
clinvar_207535	TCF4	528	S	L	Conflicting_classifications_of_pathogenicity	0	P15884	True
clinvar_728566	CCDC88C	1009	L	F	Likely_benign	0	Q9P219	True
clinvar_402249	CDH23	2734	L	P	Likely_pathogenic	1	Q9H251	True
clinvar_475764	ACD	307	G	E	Benign/Likely_benign	0	Q96AP0	True
clinvar_351242	HARS1	34	V	M	Conflicting_classifications_of_pathogenicity	0	P12081	True
clinvar_866188	BEST1	95	Q	E	Pathogenic/Likely_pathogenic	1	O76090	True
clinvar_215387	WFS1	411	V	A	Conflicting_classifications_of_pathogenicity	0	O76024	True
clinvar_488564	NFU1	181	R	W	Pathogenic/Likely_pathogenic	1	Q9UMS0	True
clinvar_235889	CHD7	2318	R	C	Pathogenic	1	Q9P2D1	True
clinvar_3340419	ATP1A3	926	C	F	Pathogenic	1	P13637	True
clinvar_2202902	PCDH15	1810	L	P	Conflicting_classifications_of_pathogenicity	0	Q96QU1	True
clinvar_477747	MYPN	721	R	Q	Conflicting_classifications_of_pathogenicity	0	Q86TC9	True
clinvar_3611223	PPM1D	89	R	H	Likely_benign	0	O15297	True
clinvar_2922738	SETX	1032	L	P	Conflicting_classifications_of_pathogenicity	0	Q7Z333	True
clinvar_165576	TPRN	685	P	L	Conflicting_classifications_of_pathogenicity	0	Q4KMQ1	True
clinvar_2203375	COL7A1	1313	G	R	Pathogenic/Likely_pathogenic	1	Q02388	True
clinvar_624355	TYRP1	160	I	F	Conflicting_classifications_of_pathogenicity	1	P17643	True
